URL,GameType,Location,Date,Time,WinningTeam,Quarter,SecLeft,AwayTeam,AwayPlay,AwayScore,HomeTeam,HomePlay,HomeScore,Shooter,ShotType,ShotOutcome,ShotDist,Assister,Blocker,FoulType,Fouler,Fouled,Rebounder,ReboundType,ViolationPlayer,ViolationType,TimeoutTeam,FreeThrowShooter,FreeThrowOutcome,FreeThrowNum,EnterGame,LeaveGame,TurnoverPlayer,TurnoverType,TurnoverCause,TurnoverCauser,JumpballAwayPlayer,JumpballHomePlayer,JumpballPoss,score_diff,take_foul,SecsLeft
/boxscores/201511220NOP.html,regular,Smoothie King Center New Orleans Louisiana,November 22 2015,6:00 PM,NOP,4,32,PHO,Turnover by E. Bledsoe (bad pass; steal by E. Gordon),109,NOP,,112,,,,,,,,,,,,,,,,,,,,E. Bledsoe - bledser01,bad pass,steal,E. Gordon - gordoer01,,,,3,True,30.0
/boxscores/201511220NOP.html,regular,Smoothie King Center New Orleans Louisiana,November 22 2015,6:00 PM,NOP,4,31,PHO,,109,NOP,Personal block foul by B. Knight (drawn by E. Gordon),112,,,,,,,personal block,B. Knight - knighbr03,E. Gordon - gordoer01,,,,,,,,,,,,,,,,,,3,True,30.0
/boxscores/201511220NOP.html,regular,Smoothie King Center New Orleans Louisiana,November 22 2015,6:00 PM,NOP,4,31,PHO,,109,NOP,L. Babbitt enters the game for A. Gee,112,,,,,,,,,,,,,,,,,,L. Babbitt - babbilu01,A. Gee - geeal01,,,,,,,,3,True,30.0
/boxscores/201511220NOP.html,regular,Smoothie King Center New Orleans Louisiana,November 22 2015,6:00 PM,NOP,4,30,PHO,,109,NOP,Personal take foul by E. Bledsoe (drawn by I. Smith),112,,,,,,,personal take,E. Bledsoe - bledser01,I. Smith - smithis01,,,,,,,,,,,,,,,,,,3,True,30.0
/boxscores/201511220NOP.html,regular,Smoothie King Center New Orleans Louisiana,November 22 2015,6:00 PM,NOP,4,30,PHO,,109,NOP,I. Smith makes free throw 1 of 2,113,,,,,,,,,,,,,,,I. Smith - smithis01,make,1 of 2,,,,,,,,,,4,True,30.0
/boxscores/201511220NOP.html,regular,Smoothie King Center New Orleans Louisiana,November 22 2015,6:00 PM,NOP,4,30,PHO,,109,NOP,I. Smith makes free throw 2 of 2,114,,,,,,,,,,,,,,,I. Smith - smithis01,make,2 of 2,,,,,,,,,,5,True,30.0
/boxscores/201511220NOP.html,regular,Smoothie King Center New Orleans Louisiana,November 22 2015,6:00 PM,NOP,4,30,PHO,Phoenix full timeout,109,NOP,,114,,,,,,,,,,,,,,PHO,,,,,,,,,,,,,5,True,30.0
/boxscores/201511220NOP.html,regular,Smoothie King Center New Orleans Louisiana,November 22 2015,6:00 PM,NOP,4,30,PHO,,109,NOP,A. Gee enters the game for L. Babbitt,114,,,,,,,,,,,,,,,,,,A. Gee - geeal01,L. Babbitt - babbilu01,,,,,,,,5,True,30.0
/boxscores/201511220NOP.html,regular,Smoothie King Center New Orleans Louisiana,November 22 2015,6:00 PM,NOP,4,27,PHO,P. Tucker makes 3-pt jump shot from 24 ft (assist by M. Teletovi),112,NOP,,114,P. Tucker - tuckepj01,3-pt jump shot,make,24.0,M. Teletović - teletmi01,,,,,,,,,,,,,,,,,,,,,,2,True,30.0
/boxscores/201511220NOP.html,regular,Smoothie King Center New Orleans Louisiana,November 22 2015,6:00 PM,NOP,4,26,PHO,,112,NOP,Personal foul by E. Bledsoe (drawn by E. Gordon),114,,,,,,,personal,E. Bledsoe - bledser01,E. Gordon - gordoer01,,,,,,,,,,,,,,,,,,2,True,30.0
/boxscores/201511220NOP.html,regular,Smoothie King Center New Orleans Louisiana,November 22 2015,6:00 PM,NOP,4,26,PHO,,112,NOP,E. Gordon makes free throw 1 of 2,115,,,,,,,,,,,,,,,E. Gordon - gordoer01,make,1 of 2,,,,,,,,,,3,True,30.0
/boxscores/201511220NOP.html,regular,Smoothie King Center New Orleans Louisiana,November 22 2015,6:00 PM,NOP,4,26,PHO,,112,NOP,E. Gordon makes free throw 2 of 2,116,,,,,,,,,,,,,,,E. Gordon - gordoer01,make,2 of 2,,,,,,,,,,4,True,30.0
/boxscores/201511220NOP.html,regular,Smoothie King Center New Orleans Louisiana,November 22 2015,6:00 PM,NOP,4,26,PHO,Phoenix full timeout,112,NOP,,116,,,,,,,,,,,,,,PHO,,,,,,,,,,,,,4,True,30.0
/boxscores/201511220NOP.html,regular,Smoothie King Center New Orleans Louisiana,November 22 2015,6:00 PM,NOP,4,23,PHO,M. Teletovi misses 3-pt jump shot from 22 ft (block by A. Davis),112,NOP,,116,M. Teletović - teletmi01,3-pt jump shot,miss,22.0,,A. Davis - davisan02,,,,,,,,,,,,,,,,,,,,,4,True,30.0
/boxscores/201511220NOP.html,regular,Smoothie King Center New Orleans Louisiana,November 22 2015,6:00 PM,NOP,4,22,PHO,,112,NOP,Defensive rebound by I. Smith,116,,,,,,,,,,I. Smith - smithis01,defensive,,,,,,,,,,,,,,,,4,True,30.0
/boxscores/201511220NOP.html,regular,Smoothie King Center New Orleans Louisiana,November 22 2015,6:00 PM,NOP,4,22,PHO,,112,NOP,Personal take foul by M. Morris (drawn by R. Anderson),116,,,,,,,personal take,M. Morris - morrima02,R. Anderson - anderry01,,,,,,,,,,,,,,,,,,4,True,30.0
/boxscores/201511220NOP.html,regular,Smoothie King Center New Orleans Louisiana,November 22 2015,6:00 PM,NOP,4,22,PHO,,112,NOP,R. Anderson makes free throw 1 of 2,117,,,,,,,,,,,,,,,R. Anderson - anderry01,make,1 of 2,,,,,,,,,,5,True,30.0
/boxscores/201511220NOP.html,regular,Smoothie King Center New Orleans Louisiana,November 22 2015,6:00 PM,NOP,4,22,PHO,,112,NOP,R. Anderson makes free throw 2 of 2,118,,,,,,,,,,,,,,,R. Anderson - anderry01,make,2 of 2,,,,,,,,,,6,True,30.0
/boxscores/201511220NOP.html,regular,Smoothie King Center New Orleans Louisiana,November 22 2015,6:00 PM,NOP,4,16,PHO,B. Knight makes 2-pt layup from 1 ft,114,NOP,,118,B. Knight - knighbr03,2-pt layup,make,1.0,,,,,,,,,,,,,,,,,,,,,,,4,True,30.0
/boxscores/201511220NOP.html,regular,Smoothie King Center New Orleans Louisiana,November 22 2015,6:00 PM,NOP,4,16,PHO,,114,NOP,New Orleans full timeout,118,,,,,,,,,,,,,,NOP,,,,,,,,,,,,,4,True,30.0
/boxscores/201511220NOP.html,regular,Smoothie King Center New Orleans Louisiana,November 22 2015,6:00 PM,NOP,4,16,PHO,,114,NOP,L. Babbitt enters the game for A. Gee,118,,,,,,,,,,,,,,,,,,L. Babbitt - babbilu01,A. Gee - geeal01,,,,,,,,4,True,30.0
/boxscores/201511220NOP.html,regular,Smoothie King Center New Orleans Louisiana,November 22 2015,6:00 PM,NOP,4,16,PHO,T. Chandler enters the game for M. Morris,114,NOP,,118,,,,,,,,,,,,,,,,,,T. Chandler - chandty01,M. Morris - morrima02,,,,,,,,4,True,30.0
/boxscores/201511220NOP.html,regular,Smoothie King Center New Orleans Louisiana,November 22 2015,6:00 PM,NOP,4,16,PHO,R. Price enters the game for E. Bledsoe,114,NOP,,118,,,,,,,,,,,,,,,,,,R. Price - pricero01,E. Bledsoe - bledser01,,,,,,,,4,True,30.0
/boxscores/201511220NOP.html,regular,Smoothie King Center New Orleans Louisiana,November 22 2015,6:00 PM,NOP,4,16,PHO,,114,NOP,Personal foul by P. Tucker (drawn by R. Anderson),118,,,,,,,personal,P. Tucker - tuckepj01,R. Anderson - anderry01,,,,,,,,,,,,,,,,,,4,True,30.0
/boxscores/201511220NOP.html,regular,Smoothie King Center New Orleans Louisiana,November 22 2015,6:00 PM,NOP,4,16,PHO,,114,NOP,R. Anderson makes free throw 1 of 2,119,,,,,,,,,,,,,,,R. Anderson - anderry01,make,1 of 2,,,,,,,,,,5,True,30.0
/boxscores/201511220NOP.html,regular,Smoothie King Center New Orleans Louisiana,November 22 2015,6:00 PM,NOP,4,16,PHO,E. Bledsoe enters the game for R. Price,114,NOP,,119,,,,,,,,,,,,,,,,,,E. Bledsoe - bledser01,R. Price - pricero01,,,,,,,,5,True,30.0
/boxscores/201511220NOP.html,regular,Smoothie King Center New Orleans Louisiana,November 22 2015,6:00 PM,NOP,4,16,PHO,M. Morris enters the game for T. Chandler,114,NOP,,119,,,,,,,,,,,,,,,,,,M. Morris - morrima02,T. Chandler - chandty01,,,,,,,,5,True,30.0
/boxscores/201511220NOP.html,regular,Smoothie King Center New Orleans Louisiana,November 22 2015,6:00 PM,NOP,4,16,PHO,,114,NOP,A. Gee enters the game for L. Babbitt,119,,,,,,,,,,,,,,,,,,A. Gee - geeal01,L. Babbitt - babbilu01,,,,,,,,5,True,30.0
/boxscores/201511220NOP.html,regular,Smoothie King Center New Orleans Louisiana,November 22 2015,6:00 PM,NOP,4,16,PHO,,114,NOP,R. Anderson makes free throw 2 of 2,120,,,,,,,,,,,,,,,R. Anderson - anderry01,make,2 of 2,,,,,,,,,,6,True,30.0
/boxscores/201511220NOP.html,regular,Smoothie King Center New Orleans Louisiana,November 22 2015,6:00 PM,NOP,4,12,PHO,B. Knight makes 2-pt jump shot from 12 ft,116,NOP,,120,B. Knight - knighbr03,2-pt jump shot,make,12.0,,,,,,,,,,,,,,,,,,,,,,,4,True,30.0
/boxscores/201511220NOP.html,regular,Smoothie King Center New Orleans Louisiana,November 22 2015,6:00 PM,NOP,4,10,PHO,,116,NOP,Personal take foul by B. Knight (drawn by I. Smith),120,,,,,,,personal take,B. Knight - knighbr03,I. Smith - smithis01,,,,,,,,,,,,,,,,,,4,True,30.0
/boxscores/201511220NOP.html,regular,Smoothie King Center New Orleans Louisiana,November 22 2015,6:00 PM,NOP,4,10,PHO,,116,NOP,I. Smith makes free throw 1 of 2,121,,,,,,,,,,,,,,,I. Smith - smithis01,make,1 of 2,,,,,,,,,,5,True,30.0
/boxscores/201511220NOP.html,regular,Smoothie King Center New Orleans Louisiana,November 22 2015,6:00 PM,NOP,4,10,PHO,,116,NOP,I. Smith makes free throw 2 of 2,122,,,,,,,,,,,,,,,I. Smith - smithis01,make,2 of 2,,,,,,,,,,6,True,30.0
/boxscores/201511220NOP.html,regular,Smoothie King Center New Orleans Louisiana,November 22 2015,6:00 PM,NOP,4,10,PHO,Phoenix full timeout,116,NOP,,122,,,,,,,,,,,,,,PHO,,,,,,,,,,,,,6,True,30.0
/boxscores/201511220NOP.html,regular,Smoothie King Center New Orleans Louisiana,November 22 2015,6:00 PM,NOP,4,5,PHO,B. Knight misses 3-pt jump shot from 26 ft,116,NOP,,122,B. Knight - knighbr03,3-pt jump shot,miss,26.0,,,,,,,,,,,,,,,,,,,,,,,6,True,30.0
/boxscores/201511220NOP.html,regular,Smoothie King Center New Orleans Louisiana,November 22 2015,6:00 PM,NOP,4,4,PHO,,116,NOP,Defensive rebound by A. Davis,122,,,,,,,,,,A. Davis - davisan02,defensive,,,,,,,,,,,,,,,,6,True,30.0
/boxscores/201511220NOP.html,regular,Smoothie King Center New Orleans Louisiana,November 22 2015,6:00 PM,NOP,4,0,PHO,End of 4th quarter,116,NOP,,122,,,,,,,,,,,,,,,,,,,,,,,,,,,6,True,30.0
/boxscores/201511220NOP.html,regular,Smoothie King Center New Orleans Louisiana,November 22 2015,6:00 PM,NOP,4,0,PHO,End of Game,116,NOP,,122,,,,,,,,,,,,,,,,,,,,,,,,,,,6,True,30.0
/boxscores/201601290MIL.html,regular,BMO Harris Bradley Center Milwaukee Wisconsin,January 29 2016,8:00 PM,MIA,4,29,MIA,,103,MIL,Turnover by G. Antetokounmpo (lost ball; steal by D. Wade),101,,,,,,,,,,,,,,,,,,,,G. Antetokounmpo - antetgi01,lost ball,steal,D. Wade - wadedw01,,,,2,True,29.0
/boxscores/201601290MIL.html,regular,BMO Harris Bradley Center Milwaukee Wisconsin,January 29 2016,8:00 PM,MIA,4,29,MIA,Personal take foul by G. Antetokounmpo (drawn by D. Wade),103,MIL,,101,,,,,,,personal take,G. Antetokounmpo - antetgi01,D. Wade - wadedw01,,,,,,,,,,,,,,,,,,2,True,29.0
/boxscores/201601290MIL.html,regular,BMO Harris Bradley Center Milwaukee Wisconsin,January 29 2016,8:00 PM,MIA,4,29,MIA,D. Wade makes free throw 1 of 2,104,MIL,,101,,,,,,,,,,,,,,,D. Wade - wadedw01,make,1 of 2,,,,,,,,,,3,True,29.0
/boxscores/201601290MIL.html,regular,BMO Harris Bradley Center Milwaukee Wisconsin,January 29 2016,8:00 PM,MIA,4,29,MIA,D. Wade misses free throw 2 of 2,104,MIL,,101,,,,,,,,,,,,,,,D. Wade - wadedw01,miss,2 of 2,,,,,,,,,,3,True,29.0
/boxscores/201601290MIL.html,regular,BMO Harris Bradley Center Milwaukee Wisconsin,January 29 2016,8:00 PM,MIA,4,29,MIA,,104,MIL,Defensive rebound by M. Carter-Williams,101,,,,,,,,,,M. Carter-Williams - cartemi01,defensive,,,,,,,,,,,,,,,,3,True,29.0
/boxscores/201601290MIL.html,regular,BMO Harris Bradley Center Milwaukee Wisconsin,January 29 2016,8:00 PM,MIA,4,28,MIA,,104,MIL,Milwaukee full timeout,101,,,,,,,,,,,,,,MIL,,,,,,,,,,,,,3,True,29.0
/boxscores/201601290MIL.html,regular,BMO Harris Bradley Center Milwaukee Wisconsin,January 29 2016,8:00 PM,MIA,4,28,MIA,,104,MIL,J. Bayless enters the game for J. Parker,101,,,,,,,,,,,,,,,,,,J. Bayless - bayleje01,J. Parker - parkeja01,,,,,,,,3,True,29.0
/boxscores/201601290MIL.html,regular,BMO Harris Bradley Center Milwaukee Wisconsin,January 29 2016,8:00 PM,MIA,4,16,MIA,,104,MIL,K. Middleton misses 3-pt jump shot from 27 ft,101,K. Middleton - middlkh01,3-pt jump shot,miss,27.0,,,,,,,,,,,,,,,,,,,,,,,3,True,29.0
/boxscores/201601290MIL.html,regular,BMO Harris Bradley Center Milwaukee Wisconsin,January 29 2016,8:00 PM,MIA,4,15,MIA,Defensive rebound by D. Wade,104,MIL,,101,,,,,,,,,,D. Wade - wadedw01,defensive,,,,,,,,,,,,,,,,3,True,29.0
/boxscores/201601290MIL.html,regular,BMO Harris Bradley Center Milwaukee Wisconsin,January 29 2016,8:00 PM,MIA,4,14,MIA,Personal take foul by M. Carter-Williams (drawn by D. Wade),104,MIL,,101,,,,,,,personal take,M. Carter-Williams - cartemi01,D. Wade - wadedw01,,,,,,,,,,,,,,,,,,3,True,29.0
/boxscores/201601290MIL.html,regular,BMO Harris Bradley Center Milwaukee Wisconsin,January 29 2016,8:00 PM,MIA,4,14,MIA,D. Wade misses free throw 1 of 2,104,MIL,,101,,,,,,,,,,,,,,,D. Wade - wadedw01,miss,1 of 2,,,,,,,,,,3,True,29.0
/boxscores/201601290MIL.html,regular,BMO Harris Bradley Center Milwaukee Wisconsin,January 29 2016,8:00 PM,MIA,4,14,MIA,Offensive rebound by Team,104,MIL,,101,,,,,,,,,,Team,offensive,,,,,,,,,,,,,,,,3,True,29.0
/boxscores/201601290MIL.html,regular,BMO Harris Bradley Center Milwaukee Wisconsin,January 29 2016,8:00 PM,MIA,4,14,MIA,D. Wade makes free throw 2 of 2,105,MIL,,101,,,,,,,,,,,,,,,D. Wade - wadedw01,make,2 of 2,,,,,,,,,,4,True,29.0
/boxscores/201601290MIL.html,regular,BMO Harris Bradley Center Milwaukee Wisconsin,January 29 2016,8:00 PM,MIA,4,5,MIA,,105,MIL,G. Antetokounmpo makes 2-pt dunk at rim,103,G. Antetokounmpo - antetgi01,2-pt dunk,make,0.0,,,,,,,,,,,,,,,,,,,,,,,2,True,29.0
/boxscores/201601290MIL.html,regular,BMO Harris Bradley Center Milwaukee Wisconsin,January 29 2016,8:00 PM,MIA,4,4,MIA,Personal take foul by K. Middleton (drawn by D. Wade),105,MIL,,103,,,,,,,personal take,K. Middleton - middlkh01,D. Wade - wadedw01,,,,,,,,,,,,,,,,,,2,True,29.0
/boxscores/201601290MIL.html,regular,BMO Harris Bradley Center Milwaukee Wisconsin,January 29 2016,8:00 PM,MIA,4,4,MIA,Miami full timeout,105,MIL,,103,,,,,,,,,,,,,,MIA,,,,,,,,,,,,,2,True,29.0
/boxscores/201601290MIL.html,regular,BMO Harris Bradley Center Milwaukee Wisconsin,January 29 2016,8:00 PM,MIA,4,4,MIA,D. Wade makes free throw 1 of 2,106,MIL,,103,,,,,,,,,,,,,,,D. Wade - wadedw01,make,1 of 2,,,,,,,,,,3,True,29.0
/boxscores/201601290MIL.html,regular,BMO Harris Bradley Center Milwaukee Wisconsin,January 29 2016,8:00 PM,MIA,4,4,MIA,D. Wade makes free throw 2 of 2,107,MIL,,103,,,,,,,,,,,,,,,D. Wade - wadedw01,make,2 of 2,,,,,,,,,,4,True,29.0
/boxscores/201601290MIL.html,regular,BMO Harris Bradley Center Milwaukee Wisconsin,January 29 2016,8:00 PM,MIA,4,3,MIA,,107,MIL,Turnover by G. Antetokounmpo (bad pass),103,,,,,,,,,,,,,,,,,,,,G. Antetokounmpo - antetgi01,bad pass,,,,,,4,True,29.0
/boxscores/201601290MIL.html,regular,BMO Harris Bradley Center Milwaukee Wisconsin,January 29 2016,8:00 PM,MIA,4,0,MIA,End of 4th quarter,107,MIL,,103,,,,,,,,,,,,,,,,,,,,,,,,,,,4,True,29.0
/boxscores/201601290MIL.html,regular,BMO Harris Bradley Center Milwaukee Wisconsin,January 29 2016,8:00 PM,MIA,4,0,MIA,End of Game,107,MIL,,103,,,,,,,,,,,,,,,,,,,,,,,,,,,4,True,29.0
/boxscores/201702060NOP.html,regular,Smoothie King Center New Orleans Louisiana,February 6 2017,8:00 PM,NOP,4,31,PHO,T. Warren misses 2-pt jump shot from 5 ft,103,NOP,,105,T. Warren - warretj01,2-pt jump shot,miss,5.0,,,,,,,,,,,,,,,,,,,,,,,2,True,27.0
/boxscores/201702060NOP.html,regular,Smoothie King Center New Orleans Louisiana,February 6 2017,8:00 PM,NOP,4,30,PHO,,103,NOP,Defensive rebound by A. Davis,105,,,,,,,,,,A. Davis - davisan02,defensive,,,,,,,,,,,,,,,,2,True,27.0
/boxscores/201702060NOP.html,regular,Smoothie King Center New Orleans Louisiana,February 6 2017,8:00 PM,NOP,4,30,PHO,,103,NOP,Personal foul by P. Tucker (drawn by A. Davis),105,,,,,,,personal,P. Tucker - tuckepj01,A. Davis - davisan02,,,,,,,,,,,,,,,,,,2,True,27.0
/boxscores/201702060NOP.html,regular,Smoothie King Center New Orleans Louisiana,February 6 2017,8:00 PM,NOP,4,30,PHO,,103,NOP,A. Davis makes free throw 1 of 2,106,,,,,,,,,,,,,,,A. Davis - davisan02,make,1 of 2,,,,,,,,,,3,True,27.0
/boxscores/201702060NOP.html,regular,Smoothie King Center New Orleans Louisiana,February 6 2017,8:00 PM,NOP,4,30,PHO,,103,NOP,A. Davis makes free throw 2 of 2,107,,,,,,,,,,,,,,,A. Davis - davisan02,make,2 of 2,,,,,,,,,,4,True,27.0
/boxscores/201702060NOP.html,regular,Smoothie King Center New Orleans Louisiana,February 6 2017,8:00 PM,NOP,4,30,PHO,Phoenix full timeout,103,NOP,,107,,,,,,,,,,,,,,PHO,,,,,,,,,,,,,4,True,27.0
/boxscores/201702060NOP.html,regular,Smoothie King Center New Orleans Louisiana,February 6 2017,8:00 PM,NOP,4,30,PHO,,103,NOP,D. Cunningham enters the game for B. Hield,107,,,,,,,,,,,,,,,,,,D. Cunningham - cunnida01,B. Hield - hieldbu01,,,,,,,,4,True,27.0
/boxscores/201702060NOP.html,regular,Smoothie King Center New Orleans Louisiana,February 6 2017,8:00 PM,NOP,4,27,PHO,Turnover by T. Warren (bad pass; steal by D. Cunningham),103,NOP,,107,,,,,,,,,,,,,,,,,,,,T. Warren - warretj01,bad pass,steal,D. Cunningham - cunnida01,,,,4,True,27.0
/boxscores/201702060NOP.html,regular,Smoothie King Center New Orleans Louisiana,February 6 2017,8:00 PM,NOP,4,27,PHO,,103,NOP,Personal take foul by D. Booker (drawn by A. Davis),107,,,,,,,personal take,D. Booker - bookede01,A. Davis - davisan02,,,,,,,,,,,,,,,,,,4,True,27.0
/boxscores/201702060NOP.html,regular,Smoothie King Center New Orleans Louisiana,February 6 2017,8:00 PM,NOP,4,27,PHO,,103,NOP,A. Davis misses free throw 1 of 2,107,,,,,,,,,,,,,,,A. Davis - davisan02,miss,1 of 2,,,,,,,,,,4,True,27.0
/boxscores/201702060NOP.html,regular,Smoothie King Center New Orleans Louisiana,February 6 2017,8:00 PM,NOP,4,27,PHO,,103,NOP,Offensive rebound by Team,107,,,,,,,,,,Team,offensive,,,,,,,,,,,,,,,,4,True,27.0
/boxscores/201702060NOP.html,regular,Smoothie King Center New Orleans Louisiana,February 6 2017,8:00 PM,NOP,4,27,PHO,,103,NOP,A. Davis makes free throw 2 of 2,108,,,,,,,,,,,,,,,A. Davis - davisan02,make,2 of 2,,,,,,,,,,5,True,27.0
/boxscores/201702060NOP.html,regular,Smoothie King Center New Orleans Louisiana,February 6 2017,8:00 PM,NOP,4,22,PHO,D. Booker misses 3-pt jump shot from 32 ft,103,NOP,,108,D. Booker - bookede01,3-pt jump shot,miss,32.0,,,,,,,,,,,,,,,,,,,,,,,5,True,27.0
/boxscores/201702060NOP.html,regular,Smoothie King Center New Orleans Louisiana,February 6 2017,8:00 PM,NOP,4,21,PHO,Offensive rebound by T. Chandler,103,NOP,,108,,,,,,,,,,T. Chandler - chandty01,offensive,,,,,,,,,,,,,,,,5,True,27.0
/boxscores/201702060NOP.html,regular,Smoothie King Center New Orleans Louisiana,February 6 2017,8:00 PM,NOP,4,18,PHO,E. Bledsoe misses 3-pt jump shot from 26 ft (block by J. Holiday),103,NOP,,108,E. Bledsoe - bledser01,3-pt jump shot,miss,26.0,,J. Holiday - holidjr01,,,,,,,,,,,,,,,,,,,,,5,True,27.0
/boxscores/201702060NOP.html,regular,Smoothie King Center New Orleans Louisiana,February 6 2017,8:00 PM,NOP,4,18,PHO,Offensive rebound by Team,103,NOP,,108,,,,,,,,,,Team,offensive,,,,,,,,,,,,,,,,5,True,27.0
/boxscores/201702060NOP.html,regular,Smoothie King Center New Orleans Louisiana,February 6 2017,8:00 PM,NOP,4,15,PHO,D. Booker misses 3-pt jump shot from 26 ft,103,NOP,,108,D. Booker - bookede01,3-pt jump shot,miss,26.0,,,,,,,,,,,,,,,,,,,,,,,5,True,27.0
/boxscores/201702060NOP.html,regular,Smoothie King Center New Orleans Louisiana,February 6 2017,8:00 PM,NOP,4,14,PHO,,103,NOP,Defensive rebound by A. Davis,108,,,,,,,,,,A. Davis - davisan02,defensive,,,,,,,,,,,,,,,,5,True,27.0
/boxscores/201702060NOP.html,regular,Smoothie King Center New Orleans Louisiana,February 6 2017,8:00 PM,NOP,4,14,PHO,,103,NOP,Personal take foul by T. Chandler (drawn by A. Davis),108,,,,,,,personal take,T. Chandler - chandty01,A. Davis - davisan02,,,,,,,,,,,,,,,,,,5,True,27.0
/boxscores/201702060NOP.html,regular,Smoothie King Center New Orleans Louisiana,February 6 2017,8:00 PM,NOP,4,14,PHO,,103,NOP,A. Davis misses free throw 1 of 2,108,,,,,,,,,,,,,,,A. Davis - davisan02,miss,1 of 2,,,,,,,,,,5,True,27.0
/boxscores/201702060NOP.html,regular,Smoothie King Center New Orleans Louisiana,February 6 2017,8:00 PM,NOP,4,14,PHO,,103,NOP,Offensive rebound by Team,108,,,,,,,,,,Team,offensive,,,,,,,,,,,,,,,,5,True,27.0
/boxscores/201702060NOP.html,regular,Smoothie King Center New Orleans Louisiana,February 6 2017,8:00 PM,NOP,4,14,PHO,,103,NOP,A. Davis makes free throw 2 of 2,109,,,,,,,,,,,,,,,A. Davis - davisan02,make,2 of 2,,,,,,,,,,6,True,27.0
/boxscores/201702060NOP.html,regular,Smoothie King Center New Orleans Louisiana,February 6 2017,8:00 PM,NOP,4,9,PHO,E. Bledsoe makes 3-pt jump shot from 24 ft,106,NOP,,109,E. Bledsoe - bledser01,3-pt jump shot,make,24.0,,,,,,,,,,,,,,,,,,,,,,,3,True,27.0
/boxscores/201702060NOP.html,regular,Smoothie King Center New Orleans Louisiana,February 6 2017,8:00 PM,NOP,4,9,PHO,,106,NOP,New Orleans full timeout,109,,,,,,,,,,,,,,NOP,,,,,,,,,,,,,3,True,27.0
/boxscores/201702060NOP.html,regular,Smoothie King Center New Orleans Louisiana,February 6 2017,8:00 PM,NOP,4,9,PHO,,106,NOP,L. Galloway enters the game for E. Moore,109,,,,,,,,,,,,,,,,,,L. Galloway - gallola01,E. Moore - mooreet01,,,,,,,,3,True,27.0
/boxscores/201702060NOP.html,regular,Smoothie King Center New Orleans Louisiana,February 6 2017,8:00 PM,NOP,4,9,PHO,,106,NOP,B. Hield enters the game for D. Cunningham,109,,,,,,,,,,,,,,,,,,B. Hield - hieldbu01,D. Cunningham - cunnida01,,,,,,,,3,True,27.0
/boxscores/201702060NOP.html,regular,Smoothie King Center New Orleans Louisiana,February 6 2017,8:00 PM,NOP,4,5,PHO,,106,NOP,D. Cunningham enters the game for L. Galloway,109,,,,,,,,,,,,,,,,,,D. Cunningham - cunnida01,L. Galloway - gallola01,,,,,,,,3,True,27.0
/boxscores/201702060NOP.html,regular,Smoothie King Center New Orleans Louisiana,February 6 2017,8:00 PM,NOP,4,5,PHO,Jump ball: B. Hield vs. P. Tucker (A. Davis gains possession),106,NOP,,109,,,,,,,,,,,,,,,,,,,,,,,,B. Hield - hieldbu01,P. Tucker - tuckepj01,A. Davis - davisan02,3,True,27.0
/boxscores/201702060NOP.html,regular,Smoothie King Center New Orleans Louisiana,February 6 2017,8:00 PM,NOP,4,4,PHO,,106,NOP,Personal foul by T. Warren,109,,,,,,,personal,T. Warren - warretj01,,,,,,,,,,,,,,,,,,,3,True,27.0
/boxscores/201702060NOP.html,regular,Smoothie King Center New Orleans Louisiana,February 6 2017,8:00 PM,NOP,4,4,PHO,,106,NOP,A. Davis makes free throw 1 of 2,110,,,,,,,,,,,,,,,A. Davis - davisan02,make,1 of 2,,,,,,,,,,4,True,27.0
/boxscores/201702060NOP.html,regular,Smoothie King Center New Orleans Louisiana,February 6 2017,8:00 PM,NOP,4,4,PHO,,106,NOP,E. Moore enters the game for B. Hield,110,,,,,,,,,,,,,,,,,,E. Moore - mooreet01,B. Hield - hieldbu01,,,,,,,,4,True,27.0
/boxscores/201702060NOP.html,regular,Smoothie King Center New Orleans Louisiana,February 6 2017,8:00 PM,NOP,4,4,PHO,,106,NOP,A. Davis makes free throw 2 of 2,111,,,,,,,,,,,,,,,A. Davis - davisan02,make,2 of 2,,,,,,,,,,5,True,27.0
/boxscores/201702060NOP.html,regular,Smoothie King Center New Orleans Louisiana,February 6 2017,8:00 PM,NOP,4,0,PHO,T. Warren misses 3-pt jump shot from 30 ft,106,NOP,,111,T. Warren - warretj01,3-pt jump shot,miss,30.0,,,,,,,,,,,,,,,,,,,,,,,5,True,27.0
/boxscores/201702060NOP.html,regular,Smoothie King Center New Orleans Louisiana,February 6 2017,8:00 PM,NOP,4,0,PHO,Offensive rebound by Team,106,NOP,,111,,,,,,,,,,Team,offensive,,,,,,,,,,,,,,,,5,True,27.0
/boxscores/201702060NOP.html,regular,Smoothie King Center New Orleans Louisiana,February 6 2017,8:00 PM,NOP,4,0,PHO,End of 4th quarter,106,NOP,,111,,,,,,,,,,,,,,,,,,,,,,,,,,,5,True,27.0
/boxscores/201702060NOP.html,regular,Smoothie King Center New Orleans Louisiana,February 6 2017,8:00 PM,NOP,4,0,PHO,End of Game,106,NOP,,111,,,,,,,,,,,,,,,,,,,,,,,,,,,5,True,27.0
/boxscores/201712030NYK.html,regular,Madison Square Garden (IV) New York New York,December 3 2017,3:30 PM,ORL,4,28,ORL,,99,NYK,J. Jack makes 3-pt jump shot from 26 ft,96,J. Jack - jackja01,3-pt jump shot,make,26.0,,,,,,,,,,,,,,,,,,,,,,,3,True,25.0
/boxscores/201712030NYK.html,regular,Madison Square Garden (IV) New York New York,December 3 2017,3:30 PM,ORL,4,25,ORL,Personal take foul by J. Jack (drawn by A. Gordon),99,NYK,,96,,,,,,,personal take,J. Jack - jackja01,A. Gordon - gordoaa01,,,,,,,,,,,,,,,,,,3,True,25.0
/boxscores/201712030NYK.html,regular,Madison Square Garden (IV) New York New York,December 3 2017,3:30 PM,ORL,4,25,ORL,D. Augustin enters the game for E. Payton,99,NYK,,96,,,,,,,,,,,,,,,,,,D. Augustin - augusdj01,E. Payton - paytoel01,,,,,,,,3,True,25.0
/boxscores/201712030NYK.html,regular,Madison Square Garden (IV) New York New York,December 3 2017,3:30 PM,ORL,4,25,ORL,A. Afflalo enters the game for J. Simmons,99,NYK,,96,,,,,,,,,,,,,,,,,,A. Afflalo - afflaar01,J. Simmons - simmojo02,,,,,,,,3,True,25.0
/boxscores/201712030NYK.html,regular,Madison Square Garden (IV) New York New York,December 3 2017,3:30 PM,ORL,4,25,ORL,,99,NYK,F. Ntilikina enters the game for C. Lee,96,,,,,,,,,,,,,,,,,,F. Ntilikina - ntilila01,C. Lee - leeco01,,,,,,,,3,True,25.0
/boxscores/201712030NYK.html,regular,Madison Square Garden (IV) New York New York,December 3 2017,3:30 PM,ORL,4,25,ORL,,99,NYK,M. Beasley enters the game for D. McDermott,96,,,,,,,,,,,,,,,,,,M. Beasley - beaslmi01,D. McDermott - mcderdo01,,,,,,,,3,True,25.0
/boxscores/201712030NYK.html,regular,Madison Square Garden (IV) New York New York,December 3 2017,3:30 PM,ORL,4,23,ORL,Personal take foul by L. Thomas (drawn by E. Fournier),99,NYK,,96,,,,,,,personal take,L. Thomas - thomala01,E. Fournier - fournev01,,,,,,,,,,,,,,,,,,3,True,25.0
/boxscores/201712030NYK.html,regular,Madison Square Garden (IV) New York New York,December 3 2017,3:30 PM,ORL,4,23,ORL,,99,NYK,C. Lee enters the game for F. Ntilikina,96,,,,,,,,,,,,,,,,,,C. Lee - leeco01,F. Ntilikina - ntilila01,,,,,,,,3,True,25.0
/boxscores/201712030NYK.html,regular,Madison Square Garden (IV) New York New York,December 3 2017,3:30 PM,ORL,4,23,ORL,,99,NYK,D. McDermott enters the game for M. Beasley,96,,,,,,,,,,,,,,,,,,D. McDermott - mcderdo01,M. Beasley - beaslmi01,,,,,,,,3,True,25.0
/boxscores/201712030NYK.html,regular,Madison Square Garden (IV) New York New York,December 3 2017,3:30 PM,ORL,4,23,ORL,J. Simmons enters the game for D. Augustin,99,NYK,,96,,,,,,,,,,,,,,,,,,J. Simmons - simmojo02,D. Augustin - augusdj01,,,,,,,,3,True,25.0
/boxscores/201712030NYK.html,regular,Madison Square Garden (IV) New York New York,December 3 2017,3:30 PM,ORL,4,23,ORL,E. Payton enters the game for A. Afflalo,99,NYK,,96,,,,,,,,,,,,,,,,,,E. Payton - paytoel01,A. Afflalo - afflaar01,,,,,,,,3,True,25.0
/boxscores/201712030NYK.html,regular,Madison Square Garden (IV) New York New York,December 3 2017,3:30 PM,ORL,4,23,ORL,E. Fournier makes free throw 1 of 2,100,NYK,,96,,,,,,,,,,,,,,,E. Fournier - fournev01,make,1 of 2,,,,,,,,,,4,True,25.0
/boxscores/201712030NYK.html,regular,Madison Square Garden (IV) New York New York,December 3 2017,3:30 PM,ORL,4,23,ORL,E. Fournier makes free throw 2 of 2,101,NYK,,96,,,,,,,,,,,,,,,E. Fournier - fournev01,make,2 of 2,,,,,,,,,,5,True,25.0
/boxscores/201712030NYK.html,regular,Madison Square Garden (IV) New York New York,December 3 2017,3:30 PM,ORL,4,16,ORL,,101,NYK,J. Jack makes 2-pt layup from 1 ft,98,J. Jack - jackja01,2-pt layup,make,1.0,,,,,,,,,,,,,,,,,,,,,,,3,True,25.0
/boxscores/201712030NYK.html,regular,Madison Square Garden (IV) New York New York,December 3 2017,3:30 PM,ORL,4,16,ORL,Orlando full timeout,101,NYK,,98,,,,,,,,,,,,,,ORL,,,,,,,,,,,,,3,True,25.0
/boxscores/201712030NYK.html,regular,Madison Square Garden (IV) New York New York,December 3 2017,3:30 PM,ORL,4,16,ORL,,101,NYK,R. Baker enters the game for E. Kanter,98,,,,,,,,,,,,,,,,,,R. Baker - bakerro01,E. Kanter - kanteen01,,,,,,,,3,True,25.0
/boxscores/201712030NYK.html,regular,Madison Square Garden (IV) New York New York,December 3 2017,3:30 PM,ORL,4,16,ORL,,101,NYK,M. Beasley enters the game for J. Jack,98,,,,,,,,,,,,,,,,,,M. Beasley - beaslmi01,J. Jack - jackja01,,,,,,,,3,True,25.0
/boxscores/201712030NYK.html,regular,Madison Square Garden (IV) New York New York,December 3 2017,3:30 PM,ORL,4,16,ORL,,101,NYK,D. Dotson enters the game for C. Lee,98,,,,,,,,,,,,,,,,,,D. Dotson - dotsoda01,C. Lee - leeco01,,,,,,,,3,True,25.0
/boxscores/201712030NYK.html,regular,Madison Square Garden (IV) New York New York,December 3 2017,3:30 PM,ORL,4,16,ORL,,101,NYK,K. O'Quinn enters the game for D. McDermott,98,,,,,,,,,,,,,,,,,,K. O'Quinn - oquinky01,D. McDermott - mcderdo01,,,,,,,,3,True,25.0
/boxscores/201712030NYK.html,regular,Madison Square Garden (IV) New York New York,December 3 2017,3:30 PM,ORL,4,16,ORL,D. Augustin enters the game for J. Simmons,101,NYK,,98,,,,,,,,,,,,,,,,,,D. Augustin - augusdj01,J. Simmons - simmojo02,,,,,,,,3,True,25.0
/boxscores/201712030NYK.html,regular,Madison Square Garden (IV) New York New York,December 3 2017,3:30 PM,ORL,4,16,ORL,M. Speights enters the game for E. Payton,101,NYK,,98,,,,,,,,,,,,,,,,,,M. Speights - speigma01,E. Payton - paytoel01,,,,,,,,3,True,25.0
/boxscores/201712030NYK.html,regular,Madison Square Garden (IV) New York New York,December 3 2017,3:30 PM,ORL,4,13,ORL,Personal foul by K. O'Quinn (drawn by E. Fournier),101,NYK,,98,,,,,,,personal,K. O'Quinn - oquinky01,E. Fournier - fournev01,,,,,,,,,,,,,,,,,,3,True,25.0
/boxscores/201712030NYK.html,regular,Madison Square Garden (IV) New York New York,December 3 2017,3:30 PM,ORL,4,13,ORL,,101,NYK,C. Lee enters the game for R. Baker,98,,,,,,,,,,,,,,,,,,C. Lee - leeco01,R. Baker - bakerro01,,,,,,,,3,True,25.0
/boxscores/201712030NYK.html,regular,Madison Square Garden (IV) New York New York,December 3 2017,3:30 PM,ORL,4,13,ORL,J. Simmons enters the game for D. Augustin,101,NYK,,98,,,,,,,,,,,,,,,,,,J. Simmons - simmojo02,D. Augustin - augusdj01,,,,,,,,3,True,25.0
/boxscores/201712030NYK.html,regular,Madison Square Garden (IV) New York New York,December 3 2017,3:30 PM,ORL,4,13,ORL,E. Payton enters the game for M. Speights,101,NYK,,98,,,,,,,,,,,,,,,,,,E. Payton - paytoel01,M. Speights - speigma01,,,,,,,,3,True,25.0
/boxscores/201712030NYK.html,regular,Madison Square Garden (IV) New York New York,December 3 2017,3:30 PM,ORL,4,13,ORL,E. Fournier makes free throw 1 of 2,102,NYK,,98,,,,,,,,,,,,,,,E. Fournier - fournev01,make,1 of 2,,,,,,,,,,4,True,25.0
/boxscores/201712030NYK.html,regular,Madison Square Garden (IV) New York New York,December 3 2017,3:30 PM,ORL,4,13,ORL,E. Fournier makes free throw 2 of 2,103,NYK,,98,,,,,,,,,,,,,,,E. Fournier - fournev01,make,2 of 2,,,,,,,,,,5,True,25.0
/boxscores/201712030NYK.html,regular,Madison Square Garden (IV) New York New York,December 3 2017,3:30 PM,ORL,4,13,ORL,,103,NYK,New York full timeout,98,,,,,,,,,,,,,,NYK,,,,,,,,,,,,,5,True,25.0
/boxscores/201712030NYK.html,regular,Madison Square Garden (IV) New York New York,December 3 2017,3:30 PM,ORL,4,13,ORL,,103,NYK,D. McDermott enters the game for L. Thomas,98,,,,,,,,,,,,,,,,,,D. McDermott - mcderdo01,L. Thomas - thomala01,,,,,,,,5,True,25.0
/boxscores/201712030NYK.html,regular,Madison Square Garden (IV) New York New York,December 3 2017,3:30 PM,ORL,4,13,ORL,,103,NYK,J. Jack enters the game for K. O'Quinn,98,,,,,,,,,,,,,,,,,,J. Jack - jackja01,K. O'Quinn - oquinky01,,,,,,,,5,True,25.0
/boxscores/201712030NYK.html,regular,Madison Square Garden (IV) New York New York,December 3 2017,3:30 PM,ORL,4,13,ORL,A. Afflalo enters the game for N. Vuevi,103,NYK,,98,,,,,,,,,,,,,,,,,,A. Afflalo - afflaar01,N. Vučević - vucevni01,,,,,,,,5,True,25.0
/boxscores/201712030NYK.html,regular,Madison Square Garden (IV) New York New York,December 3 2017,3:30 PM,ORL,4,4,ORL,,103,NYK,M. Beasley makes 2-pt layup from 6 ft,100,M. Beasley - beaslmi01,2-pt layup,make,6.0,,,,,,,,,,,,,,,,,,,,,,,3,True,25.0
/boxscores/201712030NYK.html,regular,Madison Square Garden (IV) New York New York,December 3 2017,3:30 PM,ORL,4,4,ORL,Orlando full timeout,103,NYK,,100,,,,,,,,,,,,,,ORL,,,,,,,,,,,,,3,True,25.0
/boxscores/201712030NYK.html,regular,Madison Square Garden (IV) New York New York,December 3 2017,3:30 PM,ORL,4,4,ORL,N. Vuevi enters the game for J. Simmons,103,NYK,,100,,,,,,,,,,,,,,,,,,N. Vučević - vucevni01,J. Simmons - simmojo02,,,,,,,,3,True,25.0
/boxscores/201712030NYK.html,regular,Madison Square Garden (IV) New York New York,December 3 2017,3:30 PM,ORL,4,4,ORL,M. Speights enters the game for E. Payton,103,NYK,,100,,,,,,,,,,,,,,,,,,M. Speights - speigma01,E. Payton - paytoel01,,,,,,,,3,True,25.0
/boxscores/201712030NYK.html,regular,Madison Square Garden (IV) New York New York,December 3 2017,3:30 PM,ORL,4,4,ORL,D. Augustin enters the game for A. Afflalo,103,NYK,,100,,,,,,,,,,,,,,,,,,D. Augustin - augusdj01,A. Afflalo - afflaar01,,,,,,,,3,True,25.0
/boxscores/201712030NYK.html,regular,Madison Square Garden (IV) New York New York,December 3 2017,3:30 PM,ORL,4,4,ORL,,103,NYK,L. Thomas enters the game for D. Dotson,100,,,,,,,,,,,,,,,,,,L. Thomas - thomala01,D. Dotson - dotsoda01,,,,,,,,3,True,25.0
/boxscores/201712030NYK.html,regular,Madison Square Garden (IV) New York New York,December 3 2017,3:30 PM,ORL,4,4,ORL,Personal foul by L. Thomas (drawn by N. Vuevi),103,NYK,,100,,,,,,,personal,L. Thomas - thomala01,N. Vučević - vucevni01,,,,,,,,,,,,,,,,,,3,True,25.0
/boxscores/201712030NYK.html,regular,Madison Square Garden (IV) New York New York,December 3 2017,3:30 PM,ORL,4,4,ORL,,103,NYK,K. O'Quinn enters the game for L. Thomas,100,,,,,,,,,,,,,,,,,,K. O'Quinn - oquinky01,L. Thomas - thomala01,,,,,,,,3,True,25.0
/boxscores/201712030NYK.html,regular,Madison Square Garden (IV) New York New York,December 3 2017,3:30 PM,ORL,4,4,ORL,E. Payton enters the game for M. Speights,103,NYK,,100,,,,,,,,,,,,,,,,,,E. Payton - paytoel01,M. Speights - speigma01,,,,,,,,3,True,25.0
/boxscores/201712030NYK.html,regular,Madison Square Garden (IV) New York New York,December 3 2017,3:30 PM,ORL,4,4,ORL,J. Simmons enters the game for D. Augustin,103,NYK,,100,,,,,,,,,,,,,,,,,,J. Simmons - simmojo02,D. Augustin - augusdj01,,,,,,,,3,True,25.0
/boxscores/201712030NYK.html,regular,Madison Square Garden (IV) New York New York,December 3 2017,3:30 PM,ORL,4,4,ORL,N. Vuevi makes free throw 1 of 2,104,NYK,,100,,,,,,,,,,,,,,,N. Vučević - vucevni01,make,1 of 2,,,,,,,,,,4,True,25.0
/boxscores/201712030NYK.html,regular,Madison Square Garden (IV) New York New York,December 3 2017,3:30 PM,ORL,4,4,ORL,N. Vuevi makes free throw 2 of 2,105,NYK,,100,,,,,,,,,,,,,,,N. Vučević - vucevni01,make,2 of 2,,,,,,,,,,5,True,25.0
/boxscores/201712030NYK.html,regular,Madison Square Garden (IV) New York New York,December 3 2017,3:30 PM,ORL,4,4,ORL,,105,NYK,Turnover by K. O'Quinn (bad pass),100,,,,,,,,,,,,,,,,,,,,K. O'Quinn - oquinky01,bad pass,,,,,,5,True,25.0
/boxscores/201801300WAS.html,regular,Capital One Arena Washington District of Columbia,January 30 2018,7:00 PM,WAS,4,31,OKC,C. Anthony misses 2-pt jump shot from 14 ft,96,WAS,,98,C. Anthony - anthoca01,2-pt jump shot,miss,14.0,,,,,,,,,,,,,,,,,,,,,,,2,True,28.0
/boxscores/201801300WAS.html,regular,Capital One Arena Washington District of Columbia,January 30 2018,7:00 PM,WAS,4,28,OKC,,96,WAS,Defensive rebound by O. Porter,98,,,,,,,,,,O. Porter - porteot01,defensive,,,,,,,,,,,,,,,,2,True,28.0
/boxscores/201801300WAS.html,regular,Capital One Arena Washington District of Columbia,January 30 2018,7:00 PM,WAS,4,28,OKC,,96,WAS,Personal take foul by S. Adams (drawn by O. Porter),98,,,,,,,personal take,S. Adams - adamsst01,O. Porter - porteot01,,,,,,,,,,,,,,,,,,2,True,28.0
/boxscores/201801300WAS.html,regular,Capital One Arena Washington District of Columbia,January 30 2018,7:00 PM,WAS,4,28,OKC,,96,WAS,O. Porter makes free throw 1 of 2,99,,,,,,,,,,,,,,,O. Porter - porteot01,make,1 of 2,,,,,,,,,,3,True,28.0
/boxscores/201801300WAS.html,regular,Capital One Arena Washington District of Columbia,January 30 2018,7:00 PM,WAS,4,28,OKC,,96,WAS,O. Porter makes free throw 2 of 2,100,,,,,,,,,,,,,,,O. Porter - porteot01,make,2 of 2,,,,,,,,,,4,True,28.0
/boxscores/201801300WAS.html,regular,Capital One Arena Washington District of Columbia,January 30 2018,7:00 PM,WAS,4,28,OKC,Oklahoma City full timeout,96,WAS,,100,,,,,,,,,,,,,,OKC,,,,,,,,,,,,,4,True,28.0
/boxscores/201801300WAS.html,regular,Capital One Arena Washington District of Columbia,January 30 2018,7:00 PM,WAS,4,27,OKC,Personal foul by T. Satoransk (drawn by R. Westbrook),96,WAS,,100,,,,,,,personal,T. Satoranský - satorto01,R. Westbrook - westbru01,,,,,,,,,,,,,,,,,,4,True,28.0
/boxscores/201801300WAS.html,regular,Capital One Arena Washington District of Columbia,January 30 2018,7:00 PM,WAS,4,24,OKC,C. Anthony misses 3-pt jump shot from 23 ft,96,WAS,,100,C. Anthony - anthoca01,3-pt jump shot,miss,23.0,,,,,,,,,,,,,,,,,,,,,,,4,True,28.0
/boxscores/201801300WAS.html,regular,Capital One Arena Washington District of Columbia,January 30 2018,7:00 PM,WAS,4,22,OKC,Offensive rebound by J. Huestis,96,WAS,,100,,,,,,,,,,J. Huestis - huestjo01,offensive,,,,,,,,,,,,,,,,4,True,28.0
/boxscores/201801300WAS.html,regular,Capital One Arena Washington District of Columbia,January 30 2018,7:00 PM,WAS,4,17,OKC,J. Huestis misses 2-pt layup from 3 ft,96,WAS,,100,J. Huestis - huestjo01,2-pt layup,miss,3.0,,,,,,,,,,,,,,,,,,,,,,,4,True,28.0
/boxscores/201801300WAS.html,regular,Capital One Arena Washington District of Columbia,January 30 2018,7:00 PM,WAS,4,17,OKC,,96,WAS,Defensive rebound by M. Gortat,100,,,,,,,,,,M. Gortat - gortama01,defensive,,,,,,,,,,,,,,,,4,True,28.0
/boxscores/201801300WAS.html,regular,Capital One Arena Washington District of Columbia,January 30 2018,7:00 PM,WAS,4,17,OKC,,96,WAS,Personal foul by J. Huestis (drawn by M. Morris),100,,,,,,,personal,J. Huestis - huestjo01,M. Morris - morrima02,,,,,,,,,,,,,,,,,,4,True,28.0
/boxscores/201801300WAS.html,regular,Capital One Arena Washington District of Columbia,January 30 2018,7:00 PM,WAS,4,17,OKC,,96,WAS,M. Morris makes free throw 1 of 2,101,,,,,,,,,,,,,,,M. Morris - morrima02,make,1 of 2,,,,,,,,,,5,True,28.0
/boxscores/201801300WAS.html,regular,Capital One Arena Washington District of Columbia,January 30 2018,7:00 PM,WAS,4,17,OKC,,96,WAS,M. Morris makes free throw 2 of 2,102,,,,,,,,,,,,,,,M. Morris - morrima02,make,2 of 2,,,,,,,,,,6,True,28.0
/boxscores/201801300WAS.html,regular,Capital One Arena Washington District of Columbia,January 30 2018,7:00 PM,WAS,4,11,OKC,C. Anthony misses 3-pt jump shot from 25 ft,96,WAS,,102,C. Anthony - anthoca01,3-pt jump shot,miss,25.0,,,,,,,,,,,,,,,,,,,,,,,6,True,28.0
/boxscores/201801300WAS.html,regular,Capital One Arena Washington District of Columbia,January 30 2018,7:00 PM,WAS,4,5,OKC,,96,WAS,Defensive rebound by O. Porter,102,,,,,,,,,,O. Porter - porteot01,defensive,,,,,,,,,,,,,,,,6,True,28.0
/boxscores/201803230TOR.html,regular,Air Canada Centre Toronto Canada,March 23 2018,7:30 PM,TOR,4,34,BRK,D. Carroll makes 3-pt jump shot from 26 ft (assist by D. Russell),109,TOR,,112,D. Carroll - carrode01,3-pt jump shot,make,26.0,D. Russell - russeda01,,,,,,,,,,,,,,,,,,,,,,3,True,27.0
/boxscores/201803230TOR.html,regular,Air Canada Centre Toronto Canada,March 23 2018,7:30 PM,TOR,4,31,BRK,,109,TOR,P. Siakam enters the game for J. Valaninas,112,,,,,,,,,,,,,,,,,,P. Siakam - siakapa01,J. Valančiūnas - valanjo01,,,,,,,,3,True,27.0
/boxscores/201803230TOR.html,regular,Air Canada Centre Toronto Canada,March 23 2018,7:30 PM,TOR,4,31,BRK,,109,TOR,Turnover by J. Valaninas (bad pass),112,,,,,,,,,,,,,,,,,,,,J. Valančiūnas - valanjo01,bad pass,,,,,,3,True,27.0
/boxscores/201803230TOR.html,regular,Air Canada Centre Toronto Canada,March 23 2018,7:30 PM,TOR,4,31,BRK,Turnover by Team (bad pass),109,TOR,,112,,,,,,,,,,,,,,,,,,,,Team,bad pass,,,,,,3,True,27.0
/boxscores/201803230TOR.html,regular,Air Canada Centre Toronto Canada,March 23 2018,7:30 PM,TOR,4,31,BRK,,109,TOR,Toronto full timeout,112,,,,,,,,,,,,,,TOR,,,,,,,,,,,,,3,True,27.0
/boxscores/201803230TOR.html,regular,Air Canada Centre Toronto Canada,March 23 2018,7:30 PM,TOR,4,31,BRK,R. Hollis-Jefferson enters the game for D. Russell,109,TOR,,112,,,,,,,,,,,,,,,,,,R. Hollis-Jefferson - holliro01,D. Russell - russeda01,,,,,,,,3,True,27.0
/boxscores/201803230TOR.html,regular,Air Canada Centre Toronto Canada,March 23 2018,7:30 PM,TOR,4,30,BRK,,109,TOR,Personal foul by C. LeVert (drawn by D. DeRozan),112,,,,,,,personal,C. LeVert - leverca01,D. DeRozan - derozde01,,,,,,,,,,,,,,,,,,3,True,27.0
/boxscores/201803230TOR.html,regular,Air Canada Centre Toronto Canada,March 23 2018,7:30 PM,TOR,4,30,BRK,,109,TOR,D. DeRozan makes free throw 1 of 2,113,,,,,,,,,,,,,,,D. DeRozan - derozde01,make,1 of 2,,,,,,,,,,4,True,27.0
/boxscores/201803230TOR.html,regular,Air Canada Centre Toronto Canada,March 23 2018,7:30 PM,TOR,4,30,BRK,,109,TOR,D. DeRozan makes free throw 2 of 2,114,,,,,,,,,,,,,,,D. DeRozan - derozde01,make,2 of 2,,,,,,,,,,5,True,27.0
/boxscores/201803230TOR.html,regular,Air Canada Centre Toronto Canada,March 23 2018,7:30 PM,TOR,4,30,BRK,Brooklyn full timeout,109,TOR,,114,,,,,,,,,,,,,,BRK,,,,,,,,,,,,,5,True,27.0
/boxscores/201803230TOR.html,regular,Air Canada Centre Toronto Canada,March 23 2018,7:30 PM,TOR,4,28,BRK,Personal foul by K. Lowry (drawn by D. Carroll),109,TOR,,114,,,,,,,personal,K. Lowry - lowryky01,D. Carroll - carrode01,,,,,,,,,,,,,,,,,,5,True,27.0
/boxscores/201803230TOR.html,regular,Air Canada Centre Toronto Canada,March 23 2018,7:30 PM,TOR,4,28,BRK,D. Carroll misses free throw 1 of 2,109,TOR,,114,,,,,,,,,,,,,,,D. Carroll - carrode01,miss,1 of 2,,,,,,,,,,5,True,27.0
/boxscores/201803230TOR.html,regular,Air Canada Centre Toronto Canada,March 23 2018,7:30 PM,TOR,4,28,BRK,Offensive rebound by Team,109,TOR,,114,,,,,,,,,,Team,offensive,,,,,,,,,,,,,,,,5,True,27.0
/boxscores/201803230TOR.html,regular,Air Canada Centre Toronto Canada,March 23 2018,7:30 PM,TOR,4,28,BRK,,109,TOR,J. Valaninas enters the game for P. Siakam,114,,,,,,,,,,,,,,,,,,J. Valančiūnas - valanjo01,P. Siakam - siakapa01,,,,,,,,5,True,27.0
/boxscores/201803230TOR.html,regular,Air Canada Centre Toronto Canada,March 23 2018,7:30 PM,TOR,4,28,BRK,D. Carroll makes free throw 2 of 2,110,TOR,,114,,,,,,,,,,,,,,,D. Carroll - carrode01,make,2 of 2,,,,,,,,,,4,True,27.0
/boxscores/201803230TOR.html,regular,Air Canada Centre Toronto Canada,March 23 2018,7:30 PM,TOR,4,28,BRK,Technical foul by D. Carroll,110,TOR,,114,,,,,,,technical,D. Carroll - carrode01,,,,,,,,,,,,,,,,,,,4,True,27.0
/boxscores/201803230TOR.html,regular,Air Canada Centre Toronto Canada,March 23 2018,7:30 PM,TOR,4,28,BRK,,110,TOR,D. DeRozan misses free throw 1 of 1,114,,,,,,,,,,,,,,,D. DeRozan - derozde01,miss,1 of 1,,,,,,,,,,4,True,27.0
/boxscores/201803230TOR.html,regular,Air Canada Centre Toronto Canada,March 23 2018,7:30 PM,TOR,4,28,BRK,,110,TOR,Offensive rebound by Team,114,,,,,,,,,,Team,offensive,,,,,,,,,,,,,,,,4,True,27.0
/boxscores/201803230TOR.html,regular,Air Canada Centre Toronto Canada,March 23 2018,7:30 PM,TOR,4,28,BRK,,110,TOR,Toronto full timeout,114,,,,,,,,,,,,,,TOR,,,,,,,,,,,,,4,True,27.0
/boxscores/201803230TOR.html,regular,Air Canada Centre Toronto Canada,March 23 2018,7:30 PM,TOR,4,28,BRK,,110,TOR,D. Wright enters the game for S. Ibaka,114,,,,,,,,,,,,,,,,,,D. Wright - wrighde01,S. Ibaka - ibakase01,,,,,,,,4,True,27.0
/boxscores/201803230TOR.html,regular,Air Canada Centre Toronto Canada,March 23 2018,7:30 PM,TOR,4,27,BRK,,110,TOR,Personal take foul by A. Crabbe (drawn by D. Wright),114,,,,,,,personal take,A. Crabbe - crabbal01,D. Wright - wrighde01,,,,,,,,,,,,,,,,,,4,True,27.0
/boxscores/201803230TOR.html,regular,Air Canada Centre Toronto Canada,March 23 2018,7:30 PM,TOR,4,27,BRK,,110,TOR,D. Wright misses free throw 1 of 2,114,,,,,,,,,,,,,,,D. Wright - wrighde01,miss,1 of 2,,,,,,,,,,4,True,27.0
/boxscores/201803230TOR.html,regular,Air Canada Centre Toronto Canada,March 23 2018,7:30 PM,TOR,4,27,BRK,,110,TOR,Offensive rebound by Team,114,,,,,,,,,,Team,offensive,,,,,,,,,,,,,,,,4,True,27.0
/boxscores/201803230TOR.html,regular,Air Canada Centre Toronto Canada,March 23 2018,7:30 PM,TOR,4,27,BRK,,110,TOR,P. Siakam enters the game for J. Valaninas,114,,,,,,,,,,,,,,,,,,P. Siakam - siakapa01,J. Valančiūnas - valanjo01,,,,,,,,4,True,27.0
/boxscores/201803230TOR.html,regular,Air Canada Centre Toronto Canada,March 23 2018,7:30 PM,TOR,4,27,BRK,D. Russell enters the game for R. Hollis-Jefferson,110,TOR,,114,,,,,,,,,,,,,,,,,,D. Russell - russeda01,R. Hollis-Jefferson - holliro01,,,,,,,,4,True,27.0
/boxscores/201803230TOR.html,regular,Air Canada Centre Toronto Canada,March 23 2018,7:30 PM,TOR,4,27,BRK,,110,TOR,D. Wright makes free throw 2 of 2,115,,,,,,,,,,,,,,,D. Wright - wrighde01,make,2 of 2,,,,,,,,,,5,True,27.0
/boxscores/201803230TOR.html,regular,Air Canada Centre Toronto Canada,March 23 2018,7:30 PM,TOR,4,20,BRK,D. Russell makes 2-pt layup from 1 ft,112,TOR,,115,D. Russell - russeda01,2-pt layup,make,1.0,,,,,,,,,,,,,,,,,,,,,,,3,True,27.0
/boxscores/201803230TOR.html,regular,Air Canada Centre Toronto Canada,March 23 2018,7:30 PM,TOR,4,19,BRK,,112,TOR,Personal take foul by C. LeVert (drawn by D. DeRozan),115,,,,,,,personal take,C. LeVert - leverca01,D. DeRozan - derozde01,,,,,,,,,,,,,,,,,,3,True,27.0
/boxscores/201803230TOR.html,regular,Air Canada Centre Toronto Canada,March 23 2018,7:30 PM,TOR,4,19,BRK,,112,TOR,D. DeRozan makes free throw 1 of 2,116,,,,,,,,,,,,,,,D. DeRozan - derozde01,make,1 of 2,,,,,,,,,,4,True,27.0
/boxscores/201803230TOR.html,regular,Air Canada Centre Toronto Canada,March 23 2018,7:30 PM,TOR,4,19,BRK,,112,TOR,D. DeRozan misses free throw 2 of 2,116,,,,,,,,,,,,,,,D. DeRozan - derozde01,miss,2 of 2,,,,,,,,,,4,True,27.0
/boxscores/201803230TOR.html,regular,Air Canada Centre Toronto Canada,March 23 2018,7:30 PM,TOR,4,19,BRK,Defensive rebound by D. Carroll,112,TOR,,116,,,,,,,,,,D. Carroll - carrode01,defensive,,,,,,,,,,,,,,,,4,True,27.0
/boxscores/201803230TOR.html,regular,Air Canada Centre Toronto Canada,March 23 2018,7:30 PM,TOR,4,7,BRK,C. LeVert misses 2-pt layup from 2 ft,112,TOR,,116,C. LeVert - leverca01,2-pt layup,miss,2.0,,,,,,,,,,,,,,,,,,,,,,,4,True,27.0
/boxscores/201803230TOR.html,regular,Air Canada Centre Toronto Canada,March 23 2018,7:30 PM,TOR,4,4,BRK,,112,TOR,Defensive rebound by K. Lowry,116,,,,,,,,,,K. Lowry - lowryky01,defensive,,,,,,,,,,,,,,,,4,True,27.0
/boxscores/201803280MEM.html,regular,FedEx Forum Memphis Tennessee,March 28 2018,8:00 PM,MEM,4,34,POR,Defensive rebound by E. Turner,102,MEM,,104,,,,,,,,,,E. Turner - turneev01,defensive,,,,,,,,,,,,,,,,2,True,25.0
/boxscores/201803280MEM.html,regular,FedEx Forum Memphis Tennessee,March 28 2018,8:00 PM,MEM,4,27,POR,C. McCollum misses 2-pt jump shot from 8 ft,102,MEM,,104,C. McCollum - mccolcj01,2-pt jump shot,miss,8.0,,,,,,,,,,,,,,,,,,,,,,,2,True,25.0
/boxscores/201803280MEM.html,regular,FedEx Forum Memphis Tennessee,March 28 2018,8:00 PM,MEM,4,25,POR,,102,MEM,Defensive rebound by J. Green,104,,,,,,,,,,J. Green - greenja01,defensive,,,,,,,,,,,,,,,,2,True,25.0
/boxscores/201803280MEM.html,regular,FedEx Forum Memphis Tennessee,March 28 2018,8:00 PM,MEM,4,25,POR,,102,MEM,Personal take foul by C. McCollum (drawn by J. Green),104,,,,,,,personal take,C. McCollum - mccolcj01,J. Green - greenja01,,,,,,,,,,,,,,,,,,2,True,25.0
/boxscores/201803280MEM.html,regular,FedEx Forum Memphis Tennessee,March 28 2018,8:00 PM,MEM,4,25,POR,W. Baldwin enters the game for Z. Collins,102,MEM,,104,,,,,,,,,,,,,,,,,,W. Baldwin - baldwwa01,Z. Collins - colliza01,,,,,,,,2,True,25.0
/boxscores/201803280MEM.html,regular,FedEx Forum Memphis Tennessee,March 28 2018,8:00 PM,MEM,4,23,POR,,102,MEM,Personal take foul by A. Aminu (drawn by D. Brooks),104,,,,,,,personal take,A. Aminu - aminual01,D. Brooks - brookdi01,,,,,,,,,,,,,,,,,,2,True,25.0
/boxscores/201803280MEM.html,regular,FedEx Forum Memphis Tennessee,March 28 2018,8:00 PM,MEM,4,23,POR,,102,MEM,D. Brooks makes free throw 1 of 2,105,,,,,,,,,,,,,,,D. Brooks - brookdi01,make,1 of 2,,,,,,,,,,3,True,25.0
/boxscores/201803280MEM.html,regular,FedEx Forum Memphis Tennessee,March 28 2018,8:00 PM,MEM,4,23,POR,Z. Collins enters the game for W. Baldwin,102,MEM,,105,,,,,,,,,,,,,,,,,,Z. Collins - colliza01,W. Baldwin - baldwwa01,,,,,,,,3,True,25.0
/boxscores/201803280MEM.html,regular,FedEx Forum Memphis Tennessee,March 28 2018,8:00 PM,MEM,4,23,POR,,102,MEM,D. Brooks makes free throw 2 of 2,106,,,,,,,,,,,,,,,D. Brooks - brookdi01,make,2 of 2,,,,,,,,,,4,True,25.0
/boxscores/201803280MEM.html,regular,FedEx Forum Memphis Tennessee,March 28 2018,8:00 PM,MEM,4,18,POR,Shooting foul by M. Brooks (drawn by E. Turner),102,MEM,,106,,,,,,,shooting,M. Brooks - brookma01,E. Turner - turneev01,,,,,,,,,,,,,,,,,,4,True,25.0
/boxscores/201803280MEM.html,regular,FedEx Forum Memphis Tennessee,March 28 2018,8:00 PM,MEM,4,18,POR,E. Turner misses free throw 1 of 2,102,MEM,,106,,,,,,,,,,,,,,,E. Turner - turneev01,miss,1 of 2,,,,,,,,,,4,True,25.0
/boxscores/201803280MEM.html,regular,FedEx Forum Memphis Tennessee,March 28 2018,8:00 PM,MEM,4,18,POR,Offensive rebound by Team,102,MEM,,106,,,,,,,,,,Team,offensive,,,,,,,,,,,,,,,,4,True,25.0
/boxscores/201803280MEM.html,regular,FedEx Forum Memphis Tennessee,March 28 2018,8:00 PM,MEM,4,18,POR,W. Baldwin enters the game for Z. Collins,102,MEM,,106,,,,,,,,,,,,,,,,,,W. Baldwin - baldwwa01,Z. Collins - colliza01,,,,,,,,4,True,25.0
/boxscores/201803280MEM.html,regular,FedEx Forum Memphis Tennessee,March 28 2018,8:00 PM,MEM,4,18,POR,E. Turner makes free throw 2 of 2,103,MEM,,106,,,,,,,,,,,,,,,E. Turner - turneev01,make,2 of 2,,,,,,,,,,3,True,25.0
/boxscores/201803280MEM.html,regular,FedEx Forum Memphis Tennessee,March 28 2018,8:00 PM,MEM,4,18,POR,,103,MEM,Memphis full timeout,106,,,,,,,,,,,,,,MEM,,,,,,,,,,,,,3,True,25.0
/boxscores/201803280MEM.html,regular,FedEx Forum Memphis Tennessee,March 28 2018,8:00 PM,MEM,4,15,POR,,103,MEM,Personal take foul by P. Connaughton (drawn by M. Brooks),106,,,,,,,personal take,P. Connaughton - connapa01,M. Brooks - brookma01,,,,,,,,,,,,,,,,,,3,True,25.0
/boxscores/201803280MEM.html,regular,FedEx Forum Memphis Tennessee,March 28 2018,8:00 PM,MEM,4,15,POR,,103,MEM,M. Brooks makes free throw 1 of 2,107,,,,,,,,,,,,,,,M. Brooks - brookma01,make,1 of 2,,,,,,,,,,4,True,25.0
/boxscores/201803280MEM.html,regular,FedEx Forum Memphis Tennessee,March 28 2018,8:00 PM,MEM,4,15,POR,Z. Collins enters the game for E. Turner,103,MEM,,107,,,,,,,,,,,,,,,,,,Z. Collins - colliza01,E. Turner - turneev01,,,,,,,,4,True,25.0
/boxscores/201803280MEM.html,regular,FedEx Forum Memphis Tennessee,March 28 2018,8:00 PM,MEM,4,15,POR,S. Napier enters the game for W. Baldwin,103,MEM,,107,,,,,,,,,,,,,,,,,,S. Napier - napiesh01,W. Baldwin - baldwwa01,,,,,,,,4,True,25.0
/boxscores/201803280MEM.html,regular,FedEx Forum Memphis Tennessee,March 28 2018,8:00 PM,MEM,4,15,POR,,103,MEM,M. Brooks makes free throw 2 of 2,108,,,,,,,,,,,,,,,M. Brooks - brookma01,make,2 of 2,,,,,,,,,,5,True,25.0
/boxscores/201803280MEM.html,regular,FedEx Forum Memphis Tennessee,March 28 2018,8:00 PM,MEM,4,10,POR,C. McCollum misses 2-pt jump shot from 21 ft,103,MEM,,108,C. McCollum - mccolcj01,2-pt jump shot,miss,21.0,,,,,,,,,,,,,,,,,,,,,,,5,True,25.0
/boxscores/201803280MEM.html,regular,FedEx Forum Memphis Tennessee,March 28 2018,8:00 PM,MEM,4,8,POR,,103,MEM,Defensive rebound by J. Green,108,,,,,,,,,,J. Green - greenja01,defensive,,,,,,,,,,,,,,,,5,True,25.0
/boxscores/201803280MEM.html,regular,FedEx Forum Memphis Tennessee,March 28 2018,8:00 PM,MEM,4,8,POR,,103,MEM,Personal take foul by P. Connaughton (drawn by J. Green),108,,,,,,,personal take,P. Connaughton - connapa01,J. Green - greenja01,,,,,,,,,,,,,,,,,,5,True,25.0
/boxscores/201803280MEM.html,regular,FedEx Forum Memphis Tennessee,March 28 2018,8:00 PM,MEM,4,8,POR,,103,MEM,J. Green misses free throw 1 of 2,108,,,,,,,,,,,,,,,J. Green - greenja01,miss,1 of 2,,,,,,,,,,5,True,25.0
/boxscores/201803280MEM.html,regular,FedEx Forum Memphis Tennessee,March 28 2018,8:00 PM,MEM,4,8,POR,,103,MEM,Offensive rebound by Team,108,,,,,,,,,,Team,offensive,,,,,,,,,,,,,,,,5,True,25.0
/boxscores/201803280MEM.html,regular,FedEx Forum Memphis Tennessee,March 28 2018,8:00 PM,MEM,4,8,POR,,103,MEM,J. Green misses free throw 2 of 2,108,,,,,,,,,,,,,,,J. Green - greenja01,miss,2 of 2,,,,,,,,,,5,True,25.0
/boxscores/201803280MEM.html,regular,FedEx Forum Memphis Tennessee,March 28 2018,8:00 PM,MEM,4,8,POR,Defensive rebound by P. Connaughton,103,MEM,,108,,,,,,,,,,P. Connaughton - connapa01,defensive,,,,,,,,,,,,,,,,5,True,25.0
/boxscores/201803280MEM.html,regular,FedEx Forum Memphis Tennessee,March 28 2018,8:00 PM,MEM,4,8,POR,Portland full timeout,103,MEM,,108,,,,,,,,,,,,,,POR,,,,,,,,,,,,,5,True,25.0
/boxscores/201803280MEM.html,regular,FedEx Forum Memphis Tennessee,March 28 2018,8:00 PM,MEM,4,4,POR,P. Connaughton misses 3-pt jump shot from 27 ft,103,MEM,,108,P. Connaughton - connapa01,3-pt jump shot,miss,27.0,,,,,,,,,,,,,,,,,,,,,,,5,True,25.0
/boxscores/201803280MEM.html,regular,FedEx Forum Memphis Tennessee,March 28 2018,8:00 PM,MEM,4,1,POR,,103,MEM,Defensive rebound by J. Green,108,,,,,,,,,,J. Green - greenja01,defensive,,,,,,,,,,,,,,,,5,True,25.0
/boxscores/201902080SAC.html,regular,Golden 1 Center Sacramento California,February 8 2019,10:00 PM,SAC,4,33,MIA,D. Wade misses 3-pt jump shot from 25 ft,96,SAC,,99,D. Wade - wadedw01,3-pt jump shot,miss,25.0,,,,,,,,,,,,,,,,,,,,,,,3,True,31.0
/boxscores/201902080SAC.html,regular,Golden 1 Center Sacramento California,February 8 2019,10:00 PM,SAC,4,31,MIA,,96,SAC,Defensive rebound by W. Cauley-Stein,99,,,,,,,,,,W. Cauley-Stein - caulewi01,defensive,,,,,,,,,,,,,,,,3,True,31.0
/boxscores/201902080SAC.html,regular,Golden 1 Center Sacramento California,February 8 2019,10:00 PM,SAC,4,31,MIA,,96,SAC,Personal take foul by J. Winslow (drawn by W. Cauley-Stein),99,,,,,,,personal take,J. Winslow - winslju01,W. Cauley-Stein - caulewi01,,,,,,,,,,,,,,,,,,3,True,31.0
/boxscores/201902080SAC.html,regular,Golden 1 Center Sacramento California,February 8 2019,10:00 PM,SAC,4,31,MIA,,96,SAC,W. Cauley-Stein makes free throw 1 of 2,100,,,,,,,,,,,,,,,W. Cauley-Stein - caulewi01,make,1 of 2,,,,,,,,,,4,True,31.0
/boxscores/201902080SAC.html,regular,Golden 1 Center Sacramento California,February 8 2019,10:00 PM,SAC,4,31,MIA,,96,SAC,W. Cauley-Stein misses free throw 2 of 2,100,,,,,,,,,,,,,,,W. Cauley-Stein - caulewi01,miss,2 of 2,,,,,,,,,,4,True,31.0
/boxscores/201902080SAC.html,regular,Golden 1 Center Sacramento California,February 8 2019,10:00 PM,SAC,4,29,MIA,Defensive rebound by J. Richardson,96,SAC,,100,,,,,,,,,,J. Richardson - richajo01,defensive,,,,,,,,,,,,,,,,4,True,31.0
/boxscores/201902080SAC.html,regular,Golden 1 Center Sacramento California,February 8 2019,10:00 PM,SAC,4,22,MIA,J. Winslow misses 2-pt layup from 2 ft,96,SAC,,100,J. Winslow - winslju01,2-pt layup,miss,2.0,,,,,,,,,,,,,,,,,,,,,,,4,True,31.0
/boxscores/201902080SAC.html,regular,Golden 1 Center Sacramento California,February 8 2019,10:00 PM,SAC,4,20,MIA,Offensive rebound by J. Winslow,96,SAC,,100,,,,,,,,,,J. Winslow - winslju01,offensive,,,,,,,,,,,,,,,,4,True,31.0
/boxscores/201902080SAC.html,regular,Golden 1 Center Sacramento California,February 8 2019,10:00 PM,SAC,4,17,MIA,Turnover by J. Richardson (bad pass),96,SAC,,100,,,,,,,,,,,,,,,,,,,,J. Richardson - richajo01,bad pass,,,,,,4,True,31.0
/boxscores/201902080SAC.html,regular,Golden 1 Center Sacramento California,February 8 2019,10:00 PM,SAC,4,17,MIA,,96,SAC,Personal take foul by J. Winslow (drawn by B. Hield),100,,,,,,,personal take,J. Winslow - winslju01,B. Hield - hieldbu01,,,,,,,,,,,,,,,,,,4,True,31.0
/boxscores/201902080SAC.html,regular,Golden 1 Center Sacramento California,February 8 2019,10:00 PM,SAC,4,17,MIA,,96,SAC,B. Hield makes free throw 1 of 2,101,,,,,,,,,,,,,,,B. Hield - hieldbu01,make,1 of 2,,,,,,,,,,5,True,31.0
/boxscores/201902080SAC.html,regular,Golden 1 Center Sacramento California,February 8 2019,10:00 PM,SAC,4,17,MIA,,96,SAC,B. Hield makes free throw 2 of 2,102,,,,,,,,,,,,,,,B. Hield - hieldbu01,make,2 of 2,,,,,,,,,,6,True,31.0
/boxscores/201902080SAC.html,regular,Golden 1 Center Sacramento California,February 8 2019,10:00 PM,SAC,4,17,MIA,Miami full timeout,96,SAC,,102,,,,,,,,,,,,,,MIA,,,,,,,,,,,,,6,True,31.0
/boxscores/201902080SAC.html,regular,Golden 1 Center Sacramento California,February 8 2019,10:00 PM,SAC,4,13,MIA,J. Winslow misses 3-pt jump shot from 26 ft,96,SAC,,102,J. Winslow - winslju01,3-pt jump shot,miss,26.0,,,,,,,,,,,,,,,,,,,,,,,6,True,31.0
/boxscores/201902080SAC.html,regular,Golden 1 Center Sacramento California,February 8 2019,10:00 PM,SAC,4,10,MIA,,96,SAC,Defensive rebound by B. Hield,102,,,,,,,,,,B. Hield - hieldbu01,defensive,,,,,,,,,,,,,,,,6,True,31.0
/boxscores/201902080SAC.html,regular,Golden 1 Center Sacramento California,February 8 2019,10:00 PM,SAC,4,0,MIA,End of 4th quarter,96,SAC,,102,,,,,,,,,,,,,,,,,,,,,,,,,,,6,True,31.0
/boxscores/201902080SAC.html,regular,Golden 1 Center Sacramento California,February 8 2019,10:00 PM,SAC,4,0,MIA,End of Game,96,SAC,,102,,,,,,,,,,,,,,,,,,,,,,,,,,,6,True,31.0
/boxscores/201903120PHI.html,regular,Wells Fargo Center Philadelphia Pennsylvania,March 12 2019,7:00 PM,PHI,4,33,CLE,J. Clarkson misses 2-pt layup from 2 ft,99,PHI,,102,J. Clarkson - clarkjo01,2-pt layup,miss,2.0,,,,,,,,,,,,,,,,,,,,,,,3,True,29.0
/boxscores/201903120PHI.html,regular,Wells Fargo Center Philadelphia Pennsylvania,March 12 2019,7:00 PM,PHI,4,33,CLE,Offensive rebound by Team,99,PHI,,102,,,,,,,,,,Team,offensive,,,,,,,,,,,,,,,,3,True,29.0
/boxscores/201903120PHI.html,regular,Wells Fargo Center Philadelphia Pennsylvania,March 12 2019,7:00 PM,PHI,4,33,CLE,Cleveland full timeout,99,PHI,,102,,,,,,,,,,,,,,CLE,,,,,,,,,,,,,3,True,29.0
/boxscores/201903120PHI.html,regular,Wells Fargo Center Philadelphia Pennsylvania,March 12 2019,7:00 PM,PHI,4,31,CLE,A. ii misses 2-pt layup from 1 ft (block by J. Embiid),99,PHI,,102,A. Žižić - zizican01,2-pt layup,miss,1.0,,J. Embiid - embiijo01,,,,,,,,,,,,,,,,,,,,,3,True,29.0
/boxscores/201903120PHI.html,regular,Wells Fargo Center Philadelphia Pennsylvania,March 12 2019,7:00 PM,PHI,4,29,CLE,,99,PHI,Defensive rebound by J. Embiid,102,,,,,,,,,,J. Embiid - embiijo01,defensive,,,,,,,,,,,,,,,,3,True,29.0
/boxscores/201903120PHI.html,regular,Wells Fargo Center Philadelphia Pennsylvania,March 12 2019,7:00 PM,PHI,4,29,CLE,,99,PHI,Personal take foul by C. Osman (drawn by J. Embiid),102,,,,,,,personal take,C. Osman - osmande01,J. Embiid - embiijo01,,,,,,,,,,,,,,,,,,3,True,29.0
/boxscores/201903120PHI.html,regular,Wells Fargo Center Philadelphia Pennsylvania,March 12 2019,7:00 PM,PHI,4,29,CLE,,99,PHI,J. Embiid makes free throw 1 of 2,103,,,,,,,,,,,,,,,J. Embiid - embiijo01,make,1 of 2,,,,,,,,,,4,True,29.0
/boxscores/201903120PHI.html,regular,Wells Fargo Center Philadelphia Pennsylvania,March 12 2019,7:00 PM,PHI,4,29,CLE,,99,PHI,J. Ennis enters the game for J. Redick,103,,,,,,,,,,,,,,,,,,J. Ennis - ennisja01,J. Redick - redicjj01,,,,,,,,4,True,29.0
/boxscores/201903120PHI.html,regular,Wells Fargo Center Philadelphia Pennsylvania,March 12 2019,7:00 PM,PHI,4,29,CLE,,99,PHI,J. Embiid makes free throw 2 of 2,104,,,,,,,,,,,,,,,J. Embiid - embiijo01,make,2 of 2,,,,,,,,,,5,True,29.0
/boxscores/201903120PHI.html,regular,Wells Fargo Center Philadelphia Pennsylvania,March 12 2019,7:00 PM,PHI,4,23,CLE,C. Osman misses 3-pt jump shot from 25 ft,99,PHI,,104,C. Osman - osmande01,3-pt jump shot,miss,25.0,,,,,,,,,,,,,,,,,,,,,,,5,True,29.0
/boxscores/201903120PHI.html,regular,Wells Fargo Center Philadelphia Pennsylvania,March 12 2019,7:00 PM,PHI,4,19,CLE,,99,PHI,Defensive rebound by J. Embiid,104,,,,,,,,,,J. Embiid - embiijo01,defensive,,,,,,,,,,,,,,,,5,True,29.0
/boxscores/201903120PHI.html,regular,Wells Fargo Center Philadelphia Pennsylvania,March 12 2019,7:00 PM,PHI,4,19,CLE,,99,PHI,Personal take foul by C. Sexton (drawn by J. Embiid),104,,,,,,,personal take,C. Sexton - sextoco01,J. Embiid - embiijo01,,,,,,,,,,,,,,,,,,5,True,29.0
/boxscores/201903120PHI.html,regular,Wells Fargo Center Philadelphia Pennsylvania,March 12 2019,7:00 PM,PHI,4,19,CLE,,99,PHI,J. Embiid makes free throw 1 of 2,105,,,,,,,,,,,,,,,J. Embiid - embiijo01,make,1 of 2,,,,,,,,,,6,True,29.0
/boxscores/201903120PHI.html,regular,Wells Fargo Center Philadelphia Pennsylvania,March 12 2019,7:00 PM,PHI,4,19,CLE,,99,PHI,J. Embiid makes free throw 2 of 2,106,,,,,,,,,,,,,,,J. Embiid - embiijo01,make,2 of 2,,,,,,,,,,7,True,29.0
/boxscores/201903120PHI.html,regular,Wells Fargo Center Philadelphia Pennsylvania,March 12 2019,7:00 PM,PHI,4,19,CLE,Cleveland full timeout,99,PHI,,106,,,,,,,,,,,,,,CLE,,,,,,,,,,,,,7,True,29.0
/boxscores/201903120PHI.html,regular,Wells Fargo Center Philadelphia Pennsylvania,March 12 2019,7:00 PM,PHI,4,19,CLE,N. Stauskas enters the game for D. Nwaba,99,PHI,,106,,,,,,,,,,,,,,,,,,N. Stauskas - stausni01,D. Nwaba - nwabada01,,,,,,,,7,True,29.0
/boxscores/201903120PHI.html,regular,Wells Fargo Center Philadelphia Pennsylvania,March 12 2019,7:00 PM,PHI,4,16,CLE,J. Clarkson misses 3-pt jump shot from 29 ft,99,PHI,,106,J. Clarkson - clarkjo01,3-pt jump shot,miss,29.0,,,,,,,,,,,,,,,,,,,,,,,7,True,29.0
/boxscores/201903120PHI.html,regular,Wells Fargo Center Philadelphia Pennsylvania,March 12 2019,7:00 PM,PHI,4,12,CLE,,99,PHI,Defensive rebound by J. Embiid,106,,,,,,,,,,J. Embiid - embiijo01,defensive,,,,,,,,,,,,,,,,7,True,29.0
/boxscores/201903120PHI.html,regular,Wells Fargo Center Philadelphia Pennsylvania,March 12 2019,7:00 PM,PHI,4,0,CLE,End of 4th quarter,99,PHI,,106,,,,,,,,,,,,,,,,,,,,,,,,,,,7,True,29.0
/boxscores/201903120PHI.html,regular,Wells Fargo Center Philadelphia Pennsylvania,March 12 2019,7:00 PM,PHI,4,0,CLE,End of Game,99,PHI,,106,,,,,,,,,,,,,,,,,,,,,,,,,,,7,True,29.0
/boxscores/201903280MIA.html,regular,AmericanAirlines Arena Miami Florida,March 28 2019,7:30 PM,MIA,4,31,DAL,L. Doni misses 2-pt jump shot from 4 ft,97,MIA,,100,L. Dončić - doncilu01,2-pt jump shot,miss,4.0,,,,,,,,,,,,,,,,,,,,,,,3,True,29.0
/boxscores/201903280MIA.html,regular,AmericanAirlines Arena Miami Florida,March 28 2019,7:30 PM,MIA,4,29,DAL,,97,MIA,Defensive rebound by B. Adebayo,100,,,,,,,,,,B. Adebayo - adebaba01,defensive,,,,,,,,,,,,,,,,3,True,29.0
/boxscores/201903280MIA.html,regular,AmericanAirlines Arena Miami Florida,March 28 2019,7:30 PM,MIA,4,29,DAL,,97,MIA,Personal take foul by L. Doni (drawn by B. Adebayo),100,,,,,,,personal take,L. Dončić - doncilu01,B. Adebayo - adebaba01,,,,,,,,,,,,,,,,,,3,True,29.0
/boxscores/201903280MIA.html,regular,AmericanAirlines Arena Miami Florida,March 28 2019,7:30 PM,MIA,4,29,DAL,,97,MIA,B. Adebayo misses free throw 1 of 2,100,,,,,,,,,,,,,,,B. Adebayo - adebaba01,miss,1 of 2,,,,,,,,,,3,True,29.0
/boxscores/201903280MIA.html,regular,AmericanAirlines Arena Miami Florida,March 28 2019,7:30 PM,MIA,4,29,DAL,,97,MIA,Offensive rebound by Team,100,,,,,,,,,,Team,offensive,,,,,,,,,,,,,,,,3,True,29.0
/boxscores/201903280MIA.html,regular,AmericanAirlines Arena Miami Florida,March 28 2019,7:30 PM,MIA,4,29,DAL,R. Broekhoff enters the game for J. Jackson,97,MIA,,100,,,,,,,,,,,,,,,,,,R. Broekhoff - broekry01,J. Jackson - jacksju01,,,,,,,,3,True,29.0
/boxscores/201903280MIA.html,regular,AmericanAirlines Arena Miami Florida,March 28 2019,7:30 PM,MIA,4,29,DAL,,97,MIA,B. Adebayo makes free throw 2 of 2,101,,,,,,,,,,,,,,,B. Adebayo - adebaba01,make,2 of 2,,,,,,,,,,4,True,29.0
/boxscores/201903280MIA.html,regular,AmericanAirlines Arena Miami Florida,March 28 2019,7:30 PM,MIA,4,21,DAL,Personal foul by D. Waiters (drawn by D. Powell),97,MIA,,101,,,,,,,personal,D. Waiters - waitedi01,D. Powell - poweldw01,,,,,,,,,,,,,,,,,,4,True,29.0
/boxscores/201903280MIA.html,regular,AmericanAirlines Arena Miami Florida,March 28 2019,7:30 PM,MIA,4,21,DAL,D. Powell makes free throw 1 of 2,98,MIA,,101,,,,,,,,,,,,,,,D. Powell - poweldw01,make,1 of 2,,,,,,,,,,3,True,29.0
/boxscores/201903280MIA.html,regular,AmericanAirlines Arena Miami Florida,March 28 2019,7:30 PM,MIA,4,21,DAL,T. Burke enters the game for D. Nowitzki,98,MIA,,101,,,,,,,,,,,,,,,,,,T. Burke - burketr01,D. Nowitzki - nowitdi01,,,,,,,,3,True,29.0
/boxscores/201903280MIA.html,regular,AmericanAirlines Arena Miami Florida,March 28 2019,7:30 PM,MIA,4,21,DAL,,98,MIA,G. Dragi enters the game for D. Jones,101,,,,,,,,,,,,,,,,,,G. Dragić - dragigo01,D. Jones - jonesde02,,,,,,,,3,True,29.0
/boxscores/201903280MIA.html,regular,AmericanAirlines Arena Miami Florida,March 28 2019,7:30 PM,MIA,4,21,DAL,D. Powell makes free throw 2 of 2,99,MIA,,101,,,,,,,,,,,,,,,D. Powell - poweldw01,make,2 of 2,,,,,,,,,,2,True,29.0
/boxscores/201903280MIA.html,regular,AmericanAirlines Arena Miami Florida,March 28 2019,7:30 PM,MIA,4,20,DAL,,99,MIA,Personal take foul by L. Doni (drawn by D. Wade),101,,,,,,,personal take,L. Dončić - doncilu01,D. Wade - wadedw01,,,,,,,,,,,,,,,,,,2,True,29.0
/boxscores/201903280MIA.html,regular,AmericanAirlines Arena Miami Florida,March 28 2019,7:30 PM,MIA,4,20,DAL,,99,MIA,D. Wade makes free throw 1 of 2,102,,,,,,,,,,,,,,,D. Wade - wadedw01,make,1 of 2,,,,,,,,,,3,True,29.0
/boxscores/201903280MIA.html,regular,AmericanAirlines Arena Miami Florida,March 28 2019,7:30 PM,MIA,4,20,DAL,D. Nowitzki enters the game for T. Burke,99,MIA,,102,,,,,,,,,,,,,,,,,,D. Nowitzki - nowitdi01,T. Burke - burketr01,,,,,,,,3,True,29.0
/boxscores/201903280MIA.html,regular,AmericanAirlines Arena Miami Florida,March 28 2019,7:30 PM,MIA,4,20,DAL,,99,MIA,D. Jones enters the game for G. Dragi,102,,,,,,,,,,,,,,,,,,D. Jones - jonesde02,G. Dragić - dragigo01,,,,,,,,3,True,29.0
/boxscores/201903280MIA.html,regular,AmericanAirlines Arena Miami Florida,March 28 2019,7:30 PM,MIA,4,20,DAL,,99,MIA,D. Wade makes free throw 2 of 2,103,,,,,,,,,,,,,,,D. Wade - wadedw01,make,2 of 2,,,,,,,,,,4,True,29.0
/boxscores/201903280MIA.html,regular,AmericanAirlines Arena Miami Florida,March 28 2019,7:30 PM,MIA,4,11,DAL,Turnover by R. Broekhoff (bad pass; steal by D. Wade),99,MIA,,103,,,,,,,,,,,,,,,,,,,,R. Broekhoff - broekry01,bad pass,steal,D. Wade - wadedw01,,,,4,True,29.0
/boxscores/201903280MIA.html,regular,AmericanAirlines Arena Miami Florida,March 28 2019,7:30 PM,MIA,4,7,DAL,,99,MIA,D. Wade makes 2-pt layup from 2 ft,105,D. Wade - wadedw01,2-pt layup,make,2.0,,,,,,,,,,,,,,,,,,,,,,,6,True,29.0
/boxscores/201903280MIA.html,regular,AmericanAirlines Arena Miami Florida,March 28 2019,7:30 PM,MIA,4,0,DAL,Turnover by L. Doni (bad pass; steal by D. Jones),99,MIA,,105,,,,,,,,,,,,,,,,,,,,L. Dončić - doncilu01,bad pass,steal,D. Jones - jonesde02,,,,6,True,29.0
/boxscores/201903280MIA.html,regular,AmericanAirlines Arena Miami Florida,March 28 2019,7:30 PM,MIA,4,0,DAL,End of 4th quarter,99,MIA,,105,,,,,,,,,,,,,,,,,,,,,,,,,,,6,True,29.0
/boxscores/201903280MIA.html,regular,AmericanAirlines Arena Miami Florida,March 28 2019,7:30 PM,MIA,4,0,DAL,End of Game,99,MIA,,105,,,,,,,,,,,,,,,,,,,,,,,,,,,6,True,29.0
/boxscores/201911160SAS.html,regular,AT&T Center San Antonio Texas,November 16 2019,8:30 PM,POR,4,29,POR,,116,SAS,D. White misses 2-pt jump shot from 14 ft,113,D. White - whitede01,2-pt jump shot,miss,14.0,,,,,,,,,,,,,,,,,,,,,,,3,True,26.0
/boxscores/201911160SAS.html,regular,AT&T Center San Antonio Texas,November 16 2019,8:30 PM,POR,4,26,POR,Defensive rebound by H. Whiteside,116,SAS,,113,,,,,,,,,,H. Whiteside - whiteha01,defensive,,,,,,,,,,,,,,,,3,True,26.0
/boxscores/201911160SAS.html,regular,AT&T Center San Antonio Texas,November 16 2019,8:30 PM,POR,4,26,POR,Personal take foul by P. Mills (drawn by D. Lillard),116,SAS,,113,,,,,,,personal take,P. Mills - millspa02,D. Lillard - lillada01,,,,,,,,,,,,,,,,,,3,True,26.0
/boxscores/201911160SAS.html,regular,AT&T Center San Antonio Texas,November 16 2019,8:30 PM,POR,4,26,POR,D. Lillard makes free throw 1 of 2,117,SAS,,113,,,,,,,,,,,,,,,D. Lillard - lillada01,make,1 of 2,,,,,,,,,,4,True,26.0
/boxscores/201911160SAS.html,regular,AT&T Center San Antonio Texas,November 16 2019,8:30 PM,POR,4,26,POR,D. Lillard makes free throw 2 of 2,118,SAS,,113,,,,,,,,,,,,,,,D. Lillard - lillada01,make,2 of 2,,,,,,,,,,5,True,26.0
/boxscores/201911160SAS.html,regular,AT&T Center San Antonio Texas,November 16 2019,8:30 PM,POR,4,26,POR,,118,SAS,San Antonio full timeout,113,,,,,,,,,,,,,,SAS,,,,,,,,,,,,,5,True,26.0
/boxscores/201911160SAS.html,regular,AT&T Center San Antonio Texas,November 16 2019,8:30 PM,POR,4,16,POR,,118,SAS,R. Gay misses 3-pt jump shot from 26 ft,113,R. Gay - gayru01,3-pt jump shot,miss,26.0,,,,,,,,,,,,,,,,,,,,,,,5,True,26.0
/boxscores/201911160SAS.html,regular,AT&T Center San Antonio Texas,November 16 2019,8:30 PM,POR,4,14,POR,Defensive rebound by R. Hood,118,SAS,,113,,,,,,,,,,R. Hood - hoodro01,defensive,,,,,,,,,,,,,,,,5,True,26.0
/boxscores/201911160SAS.html,regular,AT&T Center San Antonio Texas,November 16 2019,8:30 PM,POR,4,14,POR,Personal take foul by D. White (drawn by D. Lillard),118,SAS,,113,,,,,,,personal take,D. White - whitede01,D. Lillard - lillada01,,,,,,,,,,,,,,,,,,5,True,26.0
/boxscores/201911160SAS.html,regular,AT&T Center San Antonio Texas,November 16 2019,8:30 PM,POR,4,14,POR,Technical foul by D. DeRozan,118,SAS,,113,,,,,,,technical,D. DeRozan - derozde01,,,,,,,,,,,,,,,,,,,5,True,26.0
/boxscores/201911160SAS.html,regular,AT&T Center San Antonio Texas,November 16 2019,8:30 PM,POR,4,14,POR,D. Lillard makes technical free throw,119,SAS,,113,,,,,,,,,,,,,,,D. Lillard - lillada01,make,technical,,,,,,,,,,6,True,26.0
/boxscores/201911160SAS.html,regular,AT&T Center San Antonio Texas,November 16 2019,8:30 PM,POR,4,14,POR,D. Lillard makes free throw 1 of 2,120,SAS,,113,,,,,,,,,,,,,,,D. Lillard - lillada01,make,1 of 2,,,,,,,,,,7,True,26.0
/boxscores/201911160SAS.html,regular,AT&T Center San Antonio Texas,November 16 2019,8:30 PM,POR,4,14,POR,D. Lillard makes free throw 2 of 2,121,SAS,,113,,,,,,,,,,,,,,,D. Lillard - lillada01,make,2 of 2,,,,,,,,,,8,True,26.0
/boxscores/201911160SAS.html,regular,AT&T Center San Antonio Texas,November 16 2019,8:30 PM,POR,4,8,POR,,121,SAS,L. Aldridge makes 3-pt jump shot from 26 ft (assist by D. White),116,L. Aldridge - aldrila01,3-pt jump shot,make,26.0,D. White - whitede01,,,,,,,,,,,,,,,,,,,,,,5,True,26.0
/boxscores/201911160SAS.html,regular,AT&T Center San Antonio Texas,November 16 2019,8:30 PM,POR,4,0,POR,End of 4th quarter,121,SAS,,116,,,,,,,,,,,,,,,,,,,,,,,,,,,5,True,26.0
/boxscores/201911160SAS.html,regular,AT&T Center San Antonio Texas,November 16 2019,8:30 PM,POR,4,0,POR,End of Game,121,SAS,,116,,,,,,,,,,,,,,,,,,,,,,,,,,,5,True,26.0
/boxscores/202001130IND.html,regular,Bankers Life Fieldhouse Indianapolis Indiana,January 13 2020,7:00 PM,IND,4,32,PHI,,95,IND,Offensive rebound by M. Turner,96,,,,,,,,,,M. Turner - turnemy01,offensive,,,,,,,,,,,,,,,,1,True,25.0
/boxscores/202001130IND.html,regular,Bankers Life Fieldhouse Indianapolis Indiana,January 13 2020,7:00 PM,IND,4,32,PHI,,95,IND,M. Turner misses 2-pt layup from 1 ft,96,M. Turner - turnemy01,2-pt layup,miss,1.0,,,,,,,,,,,,,,,,,,,,,,,1,True,25.0
/boxscores/202001130IND.html,regular,Bankers Life Fieldhouse Indianapolis Indiana,January 13 2020,7:00 PM,IND,4,32,PHI,,95,IND,Offensive rebound by M. Brogdon,96,,,,,,,,,,M. Brogdon - brogdma01,offensive,,,,,,,,,,,,,,,,1,True,25.0
/boxscores/202001130IND.html,regular,Bankers Life Fieldhouse Indianapolis Indiana,January 13 2020,7:00 PM,IND,4,32,PHI,,95,IND,Personal foul by B. Simmons (drawn by M. Brogdon),96,,,,,,,personal,B. Simmons - simmobe01,M. Brogdon - brogdma01,,,,,,,,,,,,,,,,,,1,True,25.0
/boxscores/202001130IND.html,regular,Bankers Life Fieldhouse Indianapolis Indiana,January 13 2020,7:00 PM,IND,4,32,PHI,,95,IND,M. Brogdon misses free throw 1 of 2,96,,,,,,,,,,,,,,,M. Brogdon - brogdma01,miss,1 of 2,,,,,,,,,,1,True,25.0
/boxscores/202001130IND.html,regular,Bankers Life Fieldhouse Indianapolis Indiana,January 13 2020,7:00 PM,IND,4,32,PHI,,95,IND,Offensive rebound by Team,96,,,,,,,,,,Team,offensive,,,,,,,,,,,,,,,,1,True,25.0
/boxscores/202001130IND.html,regular,Bankers Life Fieldhouse Indianapolis Indiana,January 13 2020,7:00 PM,IND,4,32,PHI,,95,IND,M. Brogdon makes free throw 2 of 2,97,,,,,,,,,,,,,,,M. Brogdon - brogdma01,make,2 of 2,,,,,,,,,,2,True,25.0
/boxscores/202001130IND.html,regular,Bankers Life Fieldhouse Indianapolis Indiana,January 13 2020,7:00 PM,IND,4,32,PHI,Philadelphia full timeout,95,IND,,97,,,,,,,,,,,,,,PHI,,,,,,,,,,,,,2,True,25.0
/boxscores/202001130IND.html,regular,Bankers Life Fieldhouse Indianapolis Indiana,January 13 2020,7:00 PM,IND,4,29,PHI,T. Harris misses 3-pt jump shot from 28 ft (block by T. Warren),95,IND,,97,T. Harris - harrito02,3-pt jump shot,miss,28.0,,T. Warren - warretj01,,,,,,,,,,,,,,,,,,,,,2,True,25.0
/boxscores/202001130IND.html,regular,Bankers Life Fieldhouse Indianapolis Indiana,January 13 2020,7:00 PM,IND,4,25,PHI,,95,IND,Defensive rebound by M. Turner,97,,,,,,,,,,M. Turner - turnemy01,defensive,,,,,,,,,,,,,,,,2,True,25.0
/boxscores/202001130IND.html,regular,Bankers Life Fieldhouse Indianapolis Indiana,January 13 2020,7:00 PM,IND,4,25,PHI,,95,IND,Personal take foul by M. Thybulle (drawn by M. Brogdon),97,,,,,,,personal take,M. Thybulle - thybuma01,M. Brogdon - brogdma01,,,,,,,,,,,,,,,,,,2,True,25.0
/boxscores/202001130IND.html,regular,Bankers Life Fieldhouse Indianapolis Indiana,January 13 2020,7:00 PM,IND,4,25,PHI,,95,IND,M. Brogdon makes free throw 1 of 2,98,,,,,,,,,,,,,,,M. Brogdon - brogdma01,make,1 of 2,,,,,,,,,,3,True,25.0
/boxscores/202001130IND.html,regular,Bankers Life Fieldhouse Indianapolis Indiana,January 13 2020,7:00 PM,IND,4,25,PHI,F. Korkmaz enters the game for M. Thybulle,95,IND,,98,,,,,,,,,,,,,,,,,,F. Korkmaz - korkmfu01,M. Thybulle - thybuma01,,,,,,,,3,True,25.0
/boxscores/202001130IND.html,regular,Bankers Life Fieldhouse Indianapolis Indiana,January 13 2020,7:00 PM,IND,4,25,PHI,,95,IND,M. Brogdon makes free throw 2 of 2,99,,,,,,,,,,,,,,,M. Brogdon - brogdma01,make,2 of 2,,,,,,,,,,4,True,25.0
/boxscores/202001130IND.html,regular,Bankers Life Fieldhouse Indianapolis Indiana,January 13 2020,7:00 PM,IND,4,15,PHI,J. Richardson misses 3-pt jump shot from 29 ft,95,IND,,99,J. Richardson - richajo01,3-pt jump shot,miss,29.0,,,,,,,,,,,,,,,,,,,,,,,4,True,25.0
/boxscores/202001130IND.html,regular,Bankers Life Fieldhouse Indianapolis Indiana,January 13 2020,7:00 PM,IND,4,12,PHI,,95,IND,Defensive rebound by D. Sabonis,99,,,,,,,,,,D. Sabonis - sabondo01,defensive,,,,,,,,,,,,,,,,4,True,25.0
/boxscores/202001130IND.html,regular,Bankers Life Fieldhouse Indianapolis Indiana,January 13 2020,7:00 PM,IND,4,11,PHI,,95,IND,Personal take foul by B. Simmons (drawn by D. Sabonis),99,,,,,,,personal take,B. Simmons - simmobe01,D. Sabonis - sabondo01,,,,,,,,,,,,,,,,,,4,True,25.0
/boxscores/202001130IND.html,regular,Bankers Life Fieldhouse Indianapolis Indiana,January 13 2020,7:00 PM,IND,4,11,PHI,,95,IND,D. Sabonis makes free throw 1 of 2,100,,,,,,,,,,,,,,,D. Sabonis - sabondo01,make,1 of 2,,,,,,,,,,5,True,25.0
/boxscores/202001130IND.html,regular,Bankers Life Fieldhouse Indianapolis Indiana,January 13 2020,7:00 PM,IND,4,11,PHI,,95,IND,D. Sabonis misses free throw 2 of 2,100,,,,,,,,,,,,,,,D. Sabonis - sabondo01,miss,2 of 2,,,,,,,,,,5,True,25.0
/boxscores/202001130IND.html,regular,Bankers Life Fieldhouse Indianapolis Indiana,January 13 2020,7:00 PM,IND,4,11,PHI,Defensive rebound by A. Horford,95,IND,,100,,,,,,,,,,A. Horford - horfoal01,defensive,,,,,,,,,,,,,,,,5,True,25.0
/boxscores/202001130IND.html,regular,Bankers Life Fieldhouse Indianapolis Indiana,January 13 2020,7:00 PM,IND,4,11,PHI,Philadelphia full timeout,95,IND,,100,,,,,,,,,,,,,,PHI,,,,,,,,,,,,,5,True,25.0
/boxscores/202001130IND.html,regular,Bankers Life Fieldhouse Indianapolis Indiana,January 13 2020,7:00 PM,IND,4,11,PHI,Turnover by  (5 sec),95,IND,,100,,,,,,,,,,,,,,,,,,,,,5 sec,,,,,,5,True,25.0
/boxscores/202001130IND.html,regular,Bankers Life Fieldhouse Indianapolis Indiana,January 13 2020,7:00 PM,IND,4,11,PHI,,95,IND,Indiana full timeout,100,,,,,,,,,,,,,,IND,,,,,,,,,,,,,5,True,25.0
/boxscores/202001130IND.html,regular,Bankers Life Fieldhouse Indianapolis Indiana,January 13 2020,7:00 PM,IND,4,11,PHI,,95,IND,A. Holiday enters the game for D. Sabonis,100,,,,,,,,,,,,,,,,,,A. Holiday - holidaa01,D. Sabonis - sabondo01,,,,,,,,5,True,25.0
/boxscores/202001130IND.html,regular,Bankers Life Fieldhouse Indianapolis Indiana,January 13 2020,7:00 PM,IND,4,9,PHI,,95,IND,Personal take foul by J. Richardson (drawn by T. Warren),100,,,,,,,personal take,J. Richardson - richajo01,T. Warren - warretj01,,,,,,,,,,,,,,,,,,5,True,25.0
/boxscores/202001130IND.html,regular,Bankers Life Fieldhouse Indianapolis Indiana,January 13 2020,7:00 PM,IND,4,9,PHI,,95,IND,T. Warren misses free throw 1 of 2,100,,,,,,,,,,,,,,,T. Warren - warretj01,miss,1 of 2,,,,,,,,,,5,True,25.0
/boxscores/202001130IND.html,regular,Bankers Life Fieldhouse Indianapolis Indiana,January 13 2020,7:00 PM,IND,4,9,PHI,,95,IND,Offensive rebound by Team,100,,,,,,,,,,Team,offensive,,,,,,,,,,,,,,,,5,True,25.0
/boxscores/202001130IND.html,regular,Bankers Life Fieldhouse Indianapolis Indiana,January 13 2020,7:00 PM,IND,4,9,PHI,,95,IND,D. Sabonis enters the game for A. Holiday,100,,,,,,,,,,,,,,,,,,D. Sabonis - sabondo01,A. Holiday - holidaa01,,,,,,,,5,True,25.0
/boxscores/202001130IND.html,regular,Bankers Life Fieldhouse Indianapolis Indiana,January 13 2020,7:00 PM,IND,4,9,PHI,,95,IND,T. Warren makes free throw 2 of 2,101,,,,,,,,,,,,,,,T. Warren - warretj01,make,2 of 2,,,,,,,,,,6,True,25.0
/boxscores/202001130IND.html,regular,Bankers Life Fieldhouse Indianapolis Indiana,January 13 2020,7:00 PM,IND,4,6,PHI,Turnover by B. Simmons (lost ball; steal by M. Brogdon),95,IND,,101,,,,,,,,,,,,,,,,,,,,B. Simmons - simmobe01,lost ball,steal,M. Brogdon - brogdma01,,,,6,True,25.0
/boxscores/202001130IND.html,regular,Bankers Life Fieldhouse Indianapolis Indiana,January 13 2020,7:00 PM,IND,4,0,PHI,End of 4th quarter,95,IND,,101,,,,,,,,,,,,,,,,,,,,,,,,,,,6,True,25.0
/boxscores/202001130IND.html,regular,Bankers Life Fieldhouse Indianapolis Indiana,January 13 2020,7:00 PM,IND,4,0,PHI,End of Game,95,IND,,101,,,,,,,,,,,,,,,,,,,,,,,,,,,6,True,25.0
