URL,GameType,Location,Date,Time,WinningTeam,Quarter,SecLeft,AwayTeam,AwayPlay,AwayScore,HomeTeam,HomePlay,HomeScore,secs_left,Shooter,ShotType,ShotOutcome,ShotDist,Assister,Blocker,FoulType,Fouler,Fouled,Rebounder,ReboundType,ViolationPlayer,ViolationType,TimeoutTeam,FreeThrowShooter,FreeThrowOutcome,FreeThrowNum,EnterGame,LeaveGame,TurnoverPlayer,TurnoverType,TurnoverCause,TurnoverCauser,JumpballAwayPlayer,JumpballHomePlayer,JumpballPoss,score_diff,take_foul,winning_take_foul
/boxscores/201511090LAC.html,regular,STAPLES Center Los Angeles California,November 9 2015,10:30 PM,LAC,4,32,MEM,M. Conley misses 3-pt jump shot from 24 ft,86,LAC,,87,7,M. Conley - conlemi01,3-pt jump shot,miss,24,,,,,,,,,,,,,,,,,,,,,,,1,FALSE,TRUE
/boxscores/201511090LAC.html,regular,STAPLES Center Los Angeles California,November 9 2015,10:30 PM,LAC,4,31,MEM,,86,LAC,Defensive rebound by C. Paul,87,7,,,,,,,,,,C. Paul - paulch01,defensive,,,,,,,,,,,,,,,,1,FALSE,TRUE
/boxscores/201511090LAC.html,regular,STAPLES Center Los Angeles California,November 9 2015,10:30 PM,LAC,4,13,MEM,,86,LAC,Shooting foul by T. Allen (drawn by J. Redick),87,7,,,,,,,shooting,T. Allen - allento01,J. Redick - redicjj01,,,,,,,,,,,,,,,,,,1,FALSE,TRUE
/boxscores/201511090LAC.html,regular,STAPLES Center Los Angeles California,November 9 2015,10:30 PM,LAC,4,13,MEM,,86,LAC,J. Redick makes free throw 1 of 3,88,7,,,,,,,,,,,,,,,J. Redick - redicjj01,make,1 of 3,,,,,,,,,,2,FALSE,TRUE
/boxscores/201511090LAC.html,regular,STAPLES Center Los Angeles California,November 9 2015,10:30 PM,LAC,4,13,MEM,,86,LAC,J. Redick makes free throw 2 of 3,89,7,,,,,,,,,,,,,,,J. Redick - redicjj01,make,2 of 3,,,,,,,,,,3,FALSE,TRUE
/boxscores/201511090LAC.html,regular,STAPLES Center Los Angeles California,November 9 2015,10:30 PM,LAC,4,13,MEM,,86,LAC,A. Rivers enters the game for P. Pierce,89,7,,,,,,,,,,,,,,,,,,A. Rivers - riverau01,P. Pierce - piercpa01,,,,,,,,3,FALSE,TRUE
/boxscores/201511090LAC.html,regular,STAPLES Center Los Angeles California,November 9 2015,10:30 PM,LAC,4,13,MEM,,86,LAC,J. Redick makes free throw 3 of 3,90,7,,,,,,,,,,,,,,,J. Redick - redicjj01,make,3 of 3,,,,,,,,,,4,FALSE,TRUE
/boxscores/201511090LAC.html,regular,STAPLES Center Los Angeles California,November 9 2015,10:30 PM,LAC,4,13,MEM,Memphis full timeout,86,LAC,,90,7,,,,,,,,,,,,,,MEM,,,,,,,,,,,,,4,FALSE,TRUE
/boxscores/201511090LAC.html,regular,STAPLES Center Los Angeles California,November 9 2015,10:30 PM,LAC,4,13,MEM,,86,LAC,L. Mbah a Moute enters the game for J. Redick,90,7,,,,,,,,,,,,,,,,,,L. Mbah a Moute - mbahalu01,J. Redick - redicjj01,,,,,,,,4,FALSE,TRUE
/boxscores/201511090LAC.html,regular,STAPLES Center Los Angeles California,November 9 2015,10:30 PM,LAC,4,13,MEM,C. Lee enters the game for T. Allen,86,LAC,,90,7,,,,,,,,,,,,,,,,,,C. Lee - leeco01,T. Allen - allento01,,,,,,,,4,FALSE,TRUE
/boxscores/201511090LAC.html,regular,STAPLES Center Los Angeles California,November 9 2015,10:30 PM,LAC,4,8,MEM,Shooting foul by C. Paul (drawn by M. Barnes),86,LAC,,90,7,,,,,,,shooting,C. Paul - paulch01,M. Barnes - barnema02,,,,,,,,,,,,,,,,,,4,FALSE,TRUE
/boxscores/201511090LAC.html,regular,STAPLES Center Los Angeles California,November 9 2015,10:30 PM,LAC,4,8,MEM,M. Barnes makes free throw 1 of 3,87,LAC,,90,7,,,,,,,,,,,,,,,M. Barnes - barnema02,make,1 of 3,,,,,,,,,,3,FALSE,TRUE
/boxscores/201511090LAC.html,regular,STAPLES Center Los Angeles California,November 9 2015,10:30 PM,LAC,4,8,MEM,M. Barnes makes free throw 2 of 3,88,LAC,,90,7,,,,,,,,,,,,,,,M. Barnes - barnema02,make,2 of 3,,,,,,,,,,2,FALSE,TRUE
/boxscores/201511090LAC.html,regular,STAPLES Center Los Angeles California,November 9 2015,10:30 PM,LAC,4,8,MEM,M. Barnes makes free throw 3 of 3,89,LAC,,90,7,,,,,,,,,,,,,,,M. Barnes - barnema02,make,3 of 3,,,,,,,,,,1,FALSE,TRUE
/boxscores/201511090LAC.html,regular,STAPLES Center Los Angeles California,November 9 2015,10:30 PM,LAC,4,8,MEM,,89,LAC,LA Clippers full timeout,90,7,,,,,,,,,,,,,,LAC,,,,,,,,,,,,,1,FALSE,TRUE
/boxscores/201511090LAC.html,regular,STAPLES Center Los Angeles California,November 9 2015,10:30 PM,LAC,4,8,MEM,T. Allen enters the game for Z. Randolph,89,LAC,,90,7,,,,,,,,,,,,,,,,,,T. Allen - allento01,Z. Randolph - randoza01,,,,,,,,1,FALSE,TRUE
/boxscores/201511090LAC.html,regular,STAPLES Center Los Angeles California,November 9 2015,10:30 PM,LAC,4,8,MEM,J. Green enters the game for M. Gasol,89,LAC,,90,7,,,,,,,,,,,,,,,,,,J. Green - greenja01,M. Gasol - gasolma01,,,,,,,,1,FALSE,TRUE
/boxscores/201511090LAC.html,regular,STAPLES Center Los Angeles California,November 9 2015,10:30 PM,LAC,4,8,MEM,,89,LAC,J. Redick enters the game for D. Jordan,90,7,,,,,,,,,,,,,,,,,,J. Redick - redicjj01,D. Jordan - jordade01,,,,,,,,1,FALSE,TRUE
/boxscores/201511090LAC.html,regular,STAPLES Center Los Angeles California,November 9 2015,10:30 PM,LAC,4,8,MEM,,89,LAC,J. Crawford enters the game for A. Rivers,90,7,,,,,,,,,,,,,,,,,,J. Crawford - crawfja01,A. Rivers - riverau01,,,,,,,,1,FALSE,TRUE
/boxscores/201511090LAC.html,regular,STAPLES Center Los Angeles California,November 9 2015,10:30 PM,LAC,4,8,MEM,,89,LAC,P. Pierce enters the game for L. Mbah a Moute,90,7,,,,,,,,,,,,,,,,,,P. Pierce - piercpa01,L. Mbah a Moute - mbahalu01,,,,,,,,1,FALSE,TRUE
/boxscores/201511090LAC.html,regular,STAPLES Center Los Angeles California,November 9 2015,10:30 PM,LAC,4,8,MEM,,89,LAC,Personal take foul by C. Lee (drawn by J. Crawford),90,7,,,,,,,personal take,C. Lee - leeco01,J. Crawford - crawfja01,,,,,,,,,,,,,,,,,,1,FALSE,TRUE
/boxscores/201511090LAC.html,regular,STAPLES Center Los Angeles California,November 9 2015,10:30 PM,LAC,4,8,MEM,,89,LAC,J. Crawford makes free throw 1 of 2,91,7,,,,,,,,,,,,,,,J. Crawford - crawfja01,make,1 of 2,,,,,,,,,,2,FALSE,TRUE
/boxscores/201511090LAC.html,regular,STAPLES Center Los Angeles California,November 9 2015,10:30 PM,LAC,4,8,MEM,,89,LAC,D. Jordan enters the game for J. Redick,91,7,,,,,,,,,,,,,,,,,,D. Jordan - jordade01,J. Redick - redicjj01,,,,,,,,2,FALSE,TRUE
/boxscores/201511090LAC.html,regular,STAPLES Center Los Angeles California,November 9 2015,10:30 PM,LAC,4,8,MEM,M. Gasol enters the game for T. Allen,89,LAC,,91,7,,,,,,,,,,,,,,,,,,M. Gasol - gasolma01,T. Allen - allento01,,,,,,,,2,FALSE,TRUE
/boxscores/201511090LAC.html,regular,STAPLES Center Los Angeles California,November 9 2015,10:30 PM,LAC,4,8,MEM,Z. Randolph enters the game for J. Green,89,LAC,,91,7,,,,,,,,,,,,,,,,,,Z. Randolph - randoza01,J. Green - greenja01,,,,,,,,2,FALSE,TRUE
/boxscores/201511090LAC.html,regular,STAPLES Center Los Angeles California,November 9 2015,10:30 PM,LAC,4,8,MEM,,89,LAC,J. Crawford makes free throw 2 of 2,92,7,,,,,,,,,,,,,,,J. Crawford - crawfja01,make,2 of 2,,,,,,,,,,3,FALSE,TRUE
/boxscores/201511090LAC.html,regular,STAPLES Center Los Angeles California,November 9 2015,10:30 PM,LAC,4,8,MEM,Memphis full timeout,89,LAC,,92,7,,,,,,,,,,,,,,MEM,,,,,,,,,,,,,3,FALSE,TRUE
/boxscores/201511090LAC.html,regular,STAPLES Center Los Angeles California,November 9 2015,10:30 PM,LAC,4,8,MEM,,89,LAC,J. Redick enters the game for P. Pierce,92,7,,,,,,,,,,,,,,,,,,J. Redick - redicjj01,P. Pierce - piercpa01,,,,,,,,3,FALSE,TRUE
/boxscores/201511090LAC.html,regular,STAPLES Center Los Angeles California,November 9 2015,10:30 PM,LAC,4,8,MEM,,89,LAC,L. Mbah a Moute enters the game for J. Crawford,92,7,,,,,,,,,,,,,,,,,,L. Mbah a Moute - mbahalu01,J. Crawford - crawfja01,,,,,,,,3,FALSE,TRUE
/boxscores/201511090LAC.html,regular,STAPLES Center Los Angeles California,November 9 2015,10:30 PM,LAC,4,7,MEM,Personal take foul by B. Griffin (drawn by M. Gasol),89,LAC,,92,7,,,,,,,personal take,B. Griffin - griffbl01,M. Gasol - gasolma01,,,,,,,,,,,,,,,,,,3,FALSE,TRUE
/boxscores/201511090LAC.html,regular,STAPLES Center Los Angeles California,November 9 2015,10:30 PM,LAC,4,7,MEM,M. Gasol misses free throw 1 of 2,89,LAC,,92,7,,,,,,,,,,,,,,,M. Gasol - gasolma01,miss,1 of 2,,,,,,,,,,3,FALSE,TRUE
/boxscores/201511090LAC.html,regular,STAPLES Center Los Angeles California,November 9 2015,10:30 PM,LAC,4,7,MEM,Offensive rebound by Team,89,LAC,,92,7,,,,,,,,,,Team,offensive,,,,,,,,,,,,,,,,3,FALSE,TRUE
/boxscores/201511090LAC.html,regular,STAPLES Center Los Angeles California,November 9 2015,10:30 PM,LAC,4,7,MEM,,89,LAC,J. Crawford enters the game for L. Mbah a Moute,92,7,,,,,,,,,,,,,,,,,,J. Crawford - crawfja01,L. Mbah a Moute - mbahalu01,,,,,,,,3,FALSE,TRUE
/boxscores/201511090LAC.html,regular,STAPLES Center Los Angeles California,November 9 2015,10:30 PM,LAC,4,7,MEM,T. Allen enters the game for Z. Randolph,89,LAC,,92,7,,,,,,,,,,,,,,,,,,T. Allen - allento01,Z. Randolph - randoza01,,,,,,,,3,FALSE,TRUE
/boxscores/201511090LAC.html,regular,STAPLES Center Los Angeles California,November 9 2015,10:30 PM,LAC,4,7,MEM,M. Gasol makes free throw 2 of 2,90,LAC,,92,7,,,,,,,,,,,,,,,M. Gasol - gasolma01,make,2 of 2,,,,,,,,,,2,FALSE,TRUE
/boxscores/201511090LAC.html,regular,STAPLES Center Los Angeles California,November 9 2015,10:30 PM,LAC,4,6,MEM,,90,LAC,Personal take foul by C. Lee (drawn by J. Crawford),92,7,,,,,,,personal take,C. Lee - leeco01,J. Crawford - crawfja01,,,,,,,,,,,,,,,,,,2,FALSE,TRUE
/boxscores/201511090LAC.html,regular,STAPLES Center Los Angeles California,November 9 2015,10:30 PM,LAC,4,6,MEM,,90,LAC,J. Crawford misses free throw 1 of 2,92,7,,,,,,,,,,,,,,,J. Crawford - crawfja01,miss,1 of 2,,,,,,,,,,2,FALSE,TRUE
/boxscores/201511090LAC.html,regular,STAPLES Center Los Angeles California,November 9 2015,10:30 PM,LAC,4,6,MEM,,90,LAC,Offensive rebound by Team,92,7,,,,,,,,,,Team,offensive,,,,,,,,,,,,,,,,2,FALSE,TRUE
/boxscores/201511090LAC.html,regular,STAPLES Center Los Angeles California,November 9 2015,10:30 PM,LAC,4,6,MEM,Z. Randolph enters the game for T. Allen,90,LAC,,92,7,,,,,,,,,,,,,,,,,,Z. Randolph - randoza01,T. Allen - allento01,,,,,,,,2,FALSE,TRUE
/boxscores/201511090LAC.html,regular,STAPLES Center Los Angeles California,November 9 2015,10:30 PM,LAC,4,6,MEM,,90,LAC,L. Mbah a Moute enters the game for J. Redick,92,7,,,,,,,,,,,,,,,,,,L. Mbah a Moute - mbahalu01,J. Redick - redicjj01,,,,,,,,2,FALSE,TRUE
/boxscores/201511090LAC.html,regular,STAPLES Center Los Angeles California,November 9 2015,10:30 PM,LAC,4,6,MEM,,90,LAC,J. Crawford makes free throw 2 of 2,93,7,,,,,,,,,,,,,,,J. Crawford - crawfja01,make,2 of 2,,,,,,,,,,3,FALSE,TRUE
/boxscores/201511090LAC.html,regular,STAPLES Center Los Angeles California,November 9 2015,10:30 PM,LAC,4,6,MEM,Memphis full timeout,90,LAC,,93,7,,,,,,,,,,,,,,MEM,,,,,,,,,,,,,3,FALSE,TRUE
/boxscores/201511090LAC.html,regular,STAPLES Center Los Angeles California,November 9 2015,10:30 PM,LAC,4,6,MEM,,90,LAC,J. Redick enters the game for J. Crawford,93,7,,,,,,,,,,,,,,,,,,J. Redick - redicjj01,J. Crawford - crawfja01,,,,,,,,3,FALSE,TRUE
/boxscores/201511090LAC.html,regular,STAPLES Center Los Angeles California,November 9 2015,10:30 PM,LAC,4,5,MEM,Personal take foul by B. Griffin (drawn by M. Gasol),90,LAC,,93,7,,,,,,,personal take,B. Griffin - griffbl01,M. Gasol - gasolma01,,,,,,,,,,,,,,,,,,3,FALSE,TRUE
/boxscores/201511090LAC.html,regular,STAPLES Center Los Angeles California,November 9 2015,10:30 PM,LAC,4,5,MEM,M. Gasol makes free throw 1 of 2,91,LAC,,93,7,,,,,,,,,,,,,,,M. Gasol - gasolma01,make,1 of 2,,,,,,,,,,2,FALSE,TRUE
/boxscores/201511090LAC.html,regular,STAPLES Center Los Angeles California,November 9 2015,10:30 PM,LAC,4,5,MEM,,91,LAC,J. Crawford enters the game for L. Mbah a Moute,93,7,,,,,,,,,,,,,,,,,,J. Crawford - crawfja01,L. Mbah a Moute - mbahalu01,,,,,,,,2,FALSE,TRUE
/boxscores/201511090LAC.html,regular,STAPLES Center Los Angeles California,November 9 2015,10:30 PM,LAC,4,5,MEM,M. Gasol misses free throw 2 of 2,91,LAC,,93,7,,,,,,,,,,,,,,,M. Gasol - gasolma01,miss,2 of 2,,,,,,,,,,2,FALSE,TRUE
/boxscores/201511090LAC.html,regular,STAPLES Center Los Angeles California,November 9 2015,10:30 PM,LAC,4,4,MEM,Offensive rebound by M. Gasol,91,LAC,,93,7,,,,,,,,,,M. Gasol - gasolma01,offensive,,,,,,,,,,,,,,,,2,FALSE,TRUE
/boxscores/201511090LAC.html,regular,STAPLES Center Los Angeles California,November 9 2015,10:30 PM,LAC,4,4,MEM,,91,LAC,Loose ball foul by J. Redick (drawn by M. Gasol),93,7,,,,,,,loose ball,J. Redick - redicjj01,M. Gasol - gasolma01,,,,,,,,,,,,,,,,,,2,FALSE,TRUE
/boxscores/201511090LAC.html,regular,STAPLES Center Los Angeles California,November 9 2015,10:30 PM,LAC,4,4,MEM,M. Gasol makes free throw 1 of 2,92,LAC,,93,7,,,,,,,,,,,,,,,M. Gasol - gasolma01,make,1 of 2,,,,,,,,,,1,FALSE,TRUE
/boxscores/201511090LAC.html,regular,STAPLES Center Los Angeles California,November 9 2015,10:30 PM,LAC,4,4,MEM,T. Allen enters the game for Z. Randolph,92,LAC,,93,7,,,,,,,,,,,,,,,,,,T. Allen - allento01,Z. Randolph - randoza01,,,,,,,,1,FALSE,TRUE
/boxscores/201511090LAC.html,regular,STAPLES Center Los Angeles California,November 9 2015,10:30 PM,LAC,4,4,MEM,M. Gasol misses free throw 2 of 2,92,LAC,,93,7,,,,,,,,,,,,,,,M. Gasol - gasolma01,miss,2 of 2,,,,,,,,,,1,FALSE,TRUE
/boxscores/201511090LAC.html,regular,STAPLES Center Los Angeles California,November 9 2015,10:30 PM,LAC,4,2,MEM,,92,LAC,Defensive rebound by C. Paul,93,7,,,,,,,,,,C. Paul - paulch01,defensive,,,,,,,,,,,,,,,,1,FALSE,TRUE
/boxscores/201511090LAC.html,regular,STAPLES Center Los Angeles California,November 9 2015,10:30 PM,LAC,4,0,MEM,,92,LAC,Personal take foul by T. Allen (drawn by C. Paul),93,7,,,,,,,personal take,T. Allen - allento01,C. Paul - paulch01,,,,,,,,,,,,,,,,,,1,FALSE,TRUE
/boxscores/201511090LAC.html,regular,STAPLES Center Los Angeles California,November 9 2015,10:30 PM,LAC,4,0,MEM,,92,LAC,C. Paul makes free throw 1 of 2,94,7,,,,,,,,,,,,,,,C. Paul - paulch01,make,1 of 2,,,,,,,,,,2,FALSE,TRUE
/boxscores/201511090LAC.html,regular,STAPLES Center Los Angeles California,November 9 2015,10:30 PM,LAC,4,0,MEM,Z. Randolph enters the game for T. Allen,92,LAC,,94,7,,,,,,,,,,,,,,,,,,Z. Randolph - randoza01,T. Allen - allento01,,,,,,,,2,FALSE,TRUE
/boxscores/201511090LAC.html,regular,STAPLES Center Los Angeles California,November 9 2015,10:30 PM,LAC,4,0,MEM,,92,LAC,C. Paul misses free throw 2 of 2,94,7,,,,,,,,,,,,,,,C. Paul - paulch01,miss,2 of 2,,,,,,,,,,2,FALSE,TRUE
/boxscores/201511090LAC.html,regular,STAPLES Center Los Angeles California,November 9 2015,10:30 PM,LAC,4,0,MEM,Defensive rebound by M. Gasol,92,LAC,,94,7,,,,,,,,,,M. Gasol - gasolma01,defensive,,,,,,,,,,,,,,,,2,FALSE,TRUE
/boxscores/201511090LAC.html,regular,STAPLES Center Los Angeles California,November 9 2015,10:30 PM,LAC,4,0,MEM,End of 4th quarter,92,LAC,,94,7,,,,,,,,,,,,,,,,,,,,,,,,,,,2,FALSE,TRUE
/boxscores/201511090LAC.html,regular,STAPLES Center Los Angeles California,November 9 2015,10:30 PM,LAC,4,0,MEM,End of Game,92,LAC,,94,7,,,,,,,,,,,,,,,,,,,,,,,,,,,2,FALSE,TRUE
/boxscores/201511270HOU.html,regular,Toyota Center Houston Texas,November 27 2015,8:00 PM,HOU,4,34,PHI,,110,HOU,Offensive rebound by D. Howard,112,3,,,,,,,,,,D. Howard - howardw01,offensive,,,,,,,,,,,,,,,,2,FALSE,TRUE
/boxscores/201511270HOU.html,regular,Toyota Center Houston Texas,November 27 2015,8:00 PM,HOU,4,33,PHI,,110,HOU,Shooting foul by H. Thompson (drawn by D. Howard),112,3,,,,,,,shooting,H. Thompson - thompho01,D. Howard - howardw01,,,,,,,,,,,,,,,,,,2,FALSE,TRUE
/boxscores/201511270HOU.html,regular,Toyota Center Houston Texas,November 27 2015,8:00 PM,HOU,4,33,PHI,,110,HOU,D. Howard makes free throw 1 of 2,113,3,,,,,,,,,,,,,,,D. Howard - howardw01,make,1 of 2,,,,,,,,,,3,FALSE,TRUE
/boxscores/201511270HOU.html,regular,Toyota Center Houston Texas,November 27 2015,8:00 PM,HOU,4,33,PHI,,110,HOU,D. Howard makes free throw 2 of 2,114,3,,,,,,,,,,,,,,,D. Howard - howardw01,make,2 of 2,,,,,,,,,,4,FALSE,TRUE
/boxscores/201511270HOU.html,regular,Toyota Center Houston Texas,November 27 2015,8:00 PM,HOU,4,33,PHI,Philadelphia full timeout,110,HOU,,114,3,,,,,,,,,,,,,,PHI,,,,,,,,,,,,,4,FALSE,TRUE
/boxscores/201511270HOU.html,regular,Toyota Center Houston Texas,November 27 2015,8:00 PM,HOU,4,33,PHI,N. Stauskas enters the game for T. McConnell,110,HOU,,114,3,,,,,,,,,,,,,,,,,,N. Stauskas - stausni01,T. McConnell - mccontj01,,,,,,,,4,FALSE,TRUE
/boxscores/201511270HOU.html,regular,Toyota Center Houston Texas,November 27 2015,8:00 PM,HOU,4,29,PHI,Shooting foul by D. Howard (drawn by J. Grant),110,HOU,,114,3,,,,,,,shooting,D. Howard - howardw01,J. Grant - grantje01,,,,,,,,,,,,,,,,,,4,FALSE,TRUE
/boxscores/201511270HOU.html,regular,Toyota Center Houston Texas,November 27 2015,8:00 PM,HOU,4,29,PHI,J. Grant makes free throw 1 of 2,111,HOU,,114,3,,,,,,,,,,,,,,,J. Grant - grantje01,make,1 of 2,,,,,,,,,,3,FALSE,TRUE
/boxscores/201511270HOU.html,regular,Toyota Center Houston Texas,November 27 2015,8:00 PM,HOU,4,29,PHI,J. Sampson enters the game for N. Stauskas,111,HOU,,114,3,,,,,,,,,,,,,,,,,,J. Sampson - sampsja02,N. Stauskas - stausni01,,,,,,,,3,FALSE,TRUE
/boxscores/201511270HOU.html,regular,Toyota Center Houston Texas,November 27 2015,8:00 PM,HOU,4,29,PHI,T. McConnell enters the game for H. Thompson,111,HOU,,114,3,,,,,,,,,,,,,,,,,,T. McConnell - mccontj01,H. Thompson - thompho01,,,,,,,,3,FALSE,TRUE
/boxscores/201511270HOU.html,regular,Toyota Center Houston Texas,November 27 2015,8:00 PM,HOU,4,29,PHI,J. Grant misses free throw 2 of 2,111,HOU,,114,3,,,,,,,,,,,,,,,J. Grant - grantje01,miss,2 of 2,,,,,,,,,,3,FALSE,TRUE
/boxscores/201511270HOU.html,regular,Toyota Center Houston Texas,November 27 2015,8:00 PM,HOU,4,29,PHI,,111,HOU,Defensive rebound by J. Harden,114,3,,,,,,,,,,J. Harden - hardeja01,defensive,,,,,,,,,,,,,,,,3,FALSE,TRUE
/boxscores/201511270HOU.html,regular,Toyota Center Houston Texas,November 27 2015,8:00 PM,HOU,4,16,PHI,Jump ball: J. Harden vs. T. McConnell (T. Ariza gains possession),111,HOU,,114,3,,,,,,,,,,,,,,,,,,,,,,,,J. Harden - hardeja01,T. McConnell - mccontj01,T. Ariza - arizatr01,3,FALSE,TRUE
/boxscores/201511270HOU.html,regular,Toyota Center Houston Texas,November 27 2015,8:00 PM,HOU,4,10,PHI,,111,HOU,Personal take foul by R. Covington (drawn by J. Harden),114,3,,,,,,,personal take,R. Covington - covinro01,J. Harden - hardeja01,,,,,,,,,,,,,,,,,,3,FALSE,TRUE
/boxscores/201511270HOU.html,regular,Toyota Center Houston Texas,November 27 2015,8:00 PM,HOU,4,10,PHI,,111,HOU,J. Harden misses free throw 1 of 2,114,3,,,,,,,,,,,,,,,J. Harden - hardeja01,miss,1 of 2,,,,,,,,,,3,FALSE,TRUE
/boxscores/201511270HOU.html,regular,Toyota Center Houston Texas,November 27 2015,8:00 PM,HOU,4,10,PHI,,111,HOU,Offensive rebound by Team,114,3,,,,,,,,,,Team,offensive,,,,,,,,,,,,,,,,3,FALSE,TRUE
/boxscores/201511270HOU.html,regular,Toyota Center Houston Texas,November 27 2015,8:00 PM,HOU,4,10,PHI,H. Thompson enters the game for T. McConnell,111,HOU,,114,3,,,,,,,,,,,,,,,,,,H. Thompson - thompho01,T. McConnell - mccontj01,,,,,,,,3,FALSE,TRUE
/boxscores/201511270HOU.html,regular,Toyota Center Houston Texas,November 27 2015,8:00 PM,HOU,4,10,PHI,,111,HOU,J. Harden makes free throw 2 of 2,115,3,,,,,,,,,,,,,,,J. Harden - hardeja01,make,2 of 2,,,,,,,,,,4,FALSE,TRUE
/boxscores/201511270HOU.html,regular,Toyota Center Houston Texas,November 27 2015,8:00 PM,HOU,4,10,PHI,Philadelphia full timeout,111,HOU,,115,3,,,,,,,,,,,,,,PHI,,,,,,,,,,,,,4,FALSE,TRUE
/boxscores/201511270HOU.html,regular,Toyota Center Houston Texas,November 27 2015,8:00 PM,HOU,4,10,PHI,N. Stauskas enters the game for J. Grant,111,HOU,,115,3,,,,,,,,,,,,,,,,,,N. Stauskas - stausni01,J. Grant - grantje01,,,,,,,,4,FALSE,TRUE
/boxscores/201511270HOU.html,regular,Toyota Center Houston Texas,November 27 2015,8:00 PM,HOU,4,10,PHI,T. McConnell enters the game for J. Sampson,111,HOU,,115,3,,,,,,,,,,,,,,,,,,T. McConnell - mccontj01,J. Sampson - sampsja02,,,,,,,,4,FALSE,TRUE
/boxscores/201511270HOU.html,regular,Toyota Center Houston Texas,November 27 2015,8:00 PM,HOU,4,6,PHI,Shooting foul by C. Brewer (drawn by H. Thompson),111,HOU,,115,3,,,,,,,shooting,C. Brewer - breweco01,H. Thompson - thompho01,,,,,,,,,,,,,,,,,,4,FALSE,TRUE
/boxscores/201511270HOU.html,regular,Toyota Center Houston Texas,November 27 2015,8:00 PM,HOU,4,6,PHI,,111,HOU,J. Terry enters the game for C. Brewer,115,3,,,,,,,,,,,,,,,,,,J. Terry - terryja01,C. Brewer - breweco01,,,,,,,,4,FALSE,TRUE
/boxscores/201511270HOU.html,regular,Toyota Center Houston Texas,November 27 2015,8:00 PM,HOU,4,6,PHI,H. Thompson makes free throw 1 of 3,112,HOU,,115,3,,,,,,,,,,,,,,,H. Thompson - thompho01,make,1 of 3,,,,,,,,,,3,FALSE,TRUE
/boxscores/201511270HOU.html,regular,Toyota Center Houston Texas,November 27 2015,8:00 PM,HOU,4,6,PHI,H. Thompson makes free throw 2 of 3,113,HOU,,115,3,,,,,,,,,,,,,,,H. Thompson - thompho01,make,2 of 3,,,,,,,,,,2,FALSE,TRUE
/boxscores/201511270HOU.html,regular,Toyota Center Houston Texas,November 27 2015,8:00 PM,HOU,4,6,PHI,J. Okafor enters the game for N. Stauskas,113,HOU,,115,3,,,,,,,,,,,,,,,,,,J. Okafor - okafoja01,N. Stauskas - stausni01,,,,,,,,2,FALSE,TRUE
/boxscores/201511270HOU.html,regular,Toyota Center Houston Texas,November 27 2015,8:00 PM,HOU,4,6,PHI,J. Grant enters the game for I. Canaan,113,HOU,,115,3,,,,,,,,,,,,,,,,,,J. Grant - grantje01,I. Canaan - canaais01,,,,,,,,2,FALSE,TRUE
/boxscores/201511270HOU.html,regular,Toyota Center Houston Texas,November 27 2015,8:00 PM,HOU,4,6,PHI,H. Thompson misses free throw 3 of 3,113,HOU,,115,3,,,,,,,,,,,,,,,H. Thompson - thompho01,miss,3 of 3,,,,,,,,,,2,FALSE,TRUE
/boxscores/201511270HOU.html,regular,Toyota Center Houston Texas,November 27 2015,8:00 PM,HOU,4,6,PHI,,113,HOU,Defensive rebound by J. Harden,115,3,,,,,,,,,,J. Harden - hardeja01,defensive,,,,,,,,,,,,,,,,2,FALSE,TRUE
/boxscores/201511270HOU.html,regular,Toyota Center Houston Texas,November 27 2015,8:00 PM,HOU,4,5,PHI,,113,HOU,Personal take foul by R. Covington (drawn by J. Harden),115,3,,,,,,,personal take,R. Covington - covinro01,J. Harden - hardeja01,,,,,,,,,,,,,,,,,,2,FALSE,TRUE
/boxscores/201511270HOU.html,regular,Toyota Center Houston Texas,November 27 2015,8:00 PM,HOU,4,5,PHI,,113,HOU,J. Harden makes free throw 1 of 2,116,3,,,,,,,,,,,,,,,J. Harden - hardeja01,make,1 of 2,,,,,,,,,,3,FALSE,TRUE
/boxscores/201511270HOU.html,regular,Toyota Center Houston Texas,November 27 2015,8:00 PM,HOU,4,5,PHI,N. Stauskas enters the game for J. Okafor,113,HOU,,116,3,,,,,,,,,,,,,,,,,,N. Stauskas - stausni01,J. Okafor - okafoja01,,,,,,,,3,FALSE,TRUE
/boxscores/201511270HOU.html,regular,Toyota Center Houston Texas,November 27 2015,8:00 PM,HOU,4,5,PHI,I. Canaan enters the game for J. Grant,113,HOU,,116,3,,,,,,,,,,,,,,,,,,I. Canaan - canaais01,J. Grant - grantje01,,,,,,,,3,FALSE,TRUE
/boxscores/201511270HOU.html,regular,Toyota Center Houston Texas,November 27 2015,8:00 PM,HOU,4,5,PHI,,113,HOU,J. Harden misses free throw 2 of 2,116,3,,,,,,,,,,,,,,,J. Harden - hardeja01,miss,2 of 2,,,,,,,,,,3,FALSE,TRUE
/boxscores/201511270HOU.html,regular,Toyota Center Houston Texas,November 27 2015,8:00 PM,HOU,4,5,PHI,Defensive rebound by R. Covington,113,HOU,,116,3,,,,,,,,,,R. Covington - covinro01,defensive,,,,,,,,,,,,,,,,3,FALSE,TRUE
/boxscores/201511270HOU.html,regular,Toyota Center Houston Texas,November 27 2015,8:00 PM,HOU,4,3,PHI,Personal take foul by J. Terry (drawn by R. Covington),113,HOU,,116,3,,,,,,,personal take,J. Terry - terryja01,R. Covington - covinro01,,,,,,,,,,,,,,,,,,3,FALSE,TRUE
/boxscores/201511270HOU.html,regular,Toyota Center Houston Texas,November 27 2015,8:00 PM,HOU,4,3,PHI,R. Covington makes free throw 1 of 2,114,HOU,,116,3,,,,,,,,,,,,,,,R. Covington - covinro01,make,1 of 2,,,,,,,,,,2,FALSE,TRUE
/boxscores/201511270HOU.html,regular,Toyota Center Houston Texas,November 27 2015,8:00 PM,HOU,4,3,PHI,,114,HOU,C. Capela enters the game for J. Terry,116,3,,,,,,,,,,,,,,,,,,C. Capela - capelca01,J. Terry - terryja01,,,,,,,,2,FALSE,TRUE
/boxscores/201511270HOU.html,regular,Toyota Center Houston Texas,November 27 2015,8:00 PM,HOU,4,3,PHI,J. Okafor enters the game for I. Canaan,114,HOU,,116,3,,,,,,,,,,,,,,,,,,J. Okafor - okafoja01,I. Canaan - canaais01,,,,,,,,2,FALSE,TRUE
/boxscores/201511270HOU.html,regular,Toyota Center Houston Texas,November 27 2015,8:00 PM,HOU,4,3,PHI,J. Grant enters the game for T. McConnell,114,HOU,,116,3,,,,,,,,,,,,,,,,,,J. Grant - grantje01,T. McConnell - mccontj01,,,,,,,,2,FALSE,TRUE
/boxscores/201511270HOU.html,regular,Toyota Center Houston Texas,November 27 2015,8:00 PM,HOU,4,3,PHI,J. Sampson enters the game for N. Stauskas,114,HOU,,116,3,,,,,,,,,,,,,,,,,,J. Sampson - sampsja02,N. Stauskas - stausni01,,,,,,,,2,FALSE,TRUE
/boxscores/201511270HOU.html,regular,Toyota Center Houston Texas,November 27 2015,8:00 PM,HOU,4,3,PHI,R. Covington misses free throw 2 of 2,114,HOU,,116,3,,,,,,,,,,,,,,,R. Covington - covinro01,miss,2 of 2,,,,,,,,,,2,FALSE,TRUE
/boxscores/201511270HOU.html,regular,Toyota Center Houston Texas,November 27 2015,8:00 PM,HOU,4,2,PHI,,114,HOU,Defensive rebound by D. Howard,116,3,,,,,,,,,,D. Howard - howardw01,defensive,,,,,,,,,,,,,,,,2,FALSE,TRUE
/boxscores/201511270HOU.html,regular,Toyota Center Houston Texas,November 27 2015,8:00 PM,HOU,4,0,PHI,End of 4th quarter,114,HOU,,116,3,,,,,,,,,,,,,,,,,,,,,,,,,,,2,FALSE,TRUE
/boxscores/201511270HOU.html,regular,Toyota Center Houston Texas,November 27 2015,8:00 PM,HOU,4,0,PHI,End of Game,114,HOU,,116,3,,,,,,,,,,,,,,,,,,,,,,,,,,,2,FALSE,TRUE
/boxscores/201801150ATL.html,regular,Philips Arena Atlanta Georgia,January 15 2018,3:00 PM,ATL,4,31,SAS,D. Green makes 3-pt jump shot from 24 ft (assist by L. Aldridge),95,ATL,,96,9,D. Green - greenda02,3-pt jump shot,make,24,L. Aldridge - aldrila01,,,,,,,,,,,,,,,,,,,,,,1,FALSE,TRUE
/boxscores/201801150ATL.html,regular,Philips Arena Atlanta Georgia,January 15 2018,3:00 PM,ATL,4,10,SAS,,95,ATL,D. Schrder makes 2-pt layup at rim,98,9,D. Schröder - schrode01,2-pt layup,make,0,,,,,,,,,,,,,,,,,,,,,,,3,FALSE,TRUE
/boxscores/201801150ATL.html,regular,Philips Arena Atlanta Georgia,January 15 2018,3:00 PM,ATL,4,10,SAS,San Antonio full timeout,95,ATL,,98,9,,,,,,,,,,,,,,SAS,,,,,,,,,,,,,3,FALSE,TRUE
/boxscores/201801150ATL.html,regular,Philips Arena Atlanta Georgia,January 15 2018,3:00 PM,ATL,4,10,SAS,K. Anderson enters the game for D. Bertns,95,ATL,,98,9,,,,,,,,,,,,,,,,,,K. Anderson - anderky01,D. Bertāns - bertada01,,,,,,,,3,FALSE,TRUE
/boxscores/201801150ATL.html,regular,Philips Arena Atlanta Georgia,January 15 2018,3:00 PM,ATL,4,9,SAS,Personal take foul by M. Delaney (drawn by P. Mills),95,ATL,,98,9,,,,,,,personal take,M. Delaney - delanma01,P. Mills - millspa02,,,,,,,,,,,,,,,,,,3,FALSE,TRUE
/boxscores/201801150ATL.html,regular,Philips Arena Atlanta Georgia,January 15 2018,3:00 PM,ATL,4,9,SAS,P. Mills makes free throw 1 of 2,96,ATL,,98,9,,,,,,,,,,,,,,,P. Mills - millspa02,make,1 of 2,,,,,,,,,,2,FALSE,TRUE
/boxscores/201801150ATL.html,regular,Philips Arena Atlanta Georgia,January 15 2018,3:00 PM,ATL,4,9,SAS,P. Mills makes free throw 2 of 2,97,ATL,,98,9,,,,,,,,,,,,,,,P. Mills - millspa02,make,2 of 2,,,,,,,,,,1,FALSE,TRUE
/boxscores/201801150ATL.html,regular,Philips Arena Atlanta Georgia,January 15 2018,3:00 PM,ATL,4,9,SAS,,97,ATL,Atlanta full timeout,98,9,,,,,,,,,,,,,,ATL,,,,,,,,,,,,,1,FALSE,TRUE
/boxscores/201801150ATL.html,regular,Philips Arena Atlanta Georgia,January 15 2018,3:00 PM,ATL,4,8,SAS,,97,ATL,Personal take foul by L. Aldridge (drawn by D. Dedmon),98,9,,,,,,,personal take,L. Aldridge - aldrila01,D. Dedmon - dedmode01,,,,,,,,,,,,,,,,,,1,FALSE,TRUE
/boxscores/201801150ATL.html,regular,Philips Arena Atlanta Georgia,January 15 2018,3:00 PM,ATL,4,8,SAS,,97,ATL,D. Dedmon makes free throw 1 of 2,99,9,,,,,,,,,,,,,,,D. Dedmon - dedmode01,make,1 of 2,,,,,,,,,,2,FALSE,TRUE
/boxscores/201801150ATL.html,regular,Philips Arena Atlanta Georgia,January 15 2018,3:00 PM,ATL,4,8,SAS,,97,ATL,D. Dedmon makes free throw 2 of 2,100,9,,,,,,,,,,,,,,,D. Dedmon - dedmode01,make,2 of 2,,,,,,,,,,3,FALSE,TRUE
/boxscores/201801150ATL.html,regular,Philips Arena Atlanta Georgia,January 15 2018,3:00 PM,ATL,4,8,SAS,Personal foul by E. lyasova (drawn by K. Anderson),97,ATL,,100,9,,,,,,,personal,E. İlyasova - ilyaser01,K. Anderson - anderky01,,,,,,,,,,,,,,,,,,3,FALSE,TRUE
/boxscores/201801150ATL.html,regular,Philips Arena Atlanta Georgia,January 15 2018,3:00 PM,ATL,4,8,SAS,K. Anderson makes free throw 1 of 2,98,ATL,,100,9,,,,,,,,,,,,,,,K. Anderson - anderky01,make,1 of 2,,,,,,,,,,2,FALSE,TRUE
/boxscores/201801150ATL.html,regular,Philips Arena Atlanta Georgia,January 15 2018,3:00 PM,ATL,4,8,SAS,P. Gasol enters the game for D. Green,98,ATL,,100,9,,,,,,,,,,,,,,,,,,P. Gasol - gasolpa01,D. Green - greenda02,,,,,,,,2,FALSE,TRUE
/boxscores/201801150ATL.html,regular,Philips Arena Atlanta Georgia,January 15 2018,3:00 PM,ATL,4,8,SAS,K. Anderson makes free throw 2 of 2,99,ATL,,100,9,,,,,,,,,,,,,,,K. Anderson - anderky01,make,2 of 2,,,,,,,,,,1,FALSE,TRUE
/boxscores/201801150ATL.html,regular,Philips Arena Atlanta Georgia,January 15 2018,3:00 PM,ATL,4,7,SAS,,99,ATL,Personal take foul by B. Forbes (drawn by D. Schrder),100,9,,,,,,,personal take,B. Forbes - forbebr01,D. Schröder - schrode01,,,,,,,,,,,,,,,,,,1,FALSE,TRUE
/boxscores/201801150ATL.html,regular,Philips Arena Atlanta Georgia,January 15 2018,3:00 PM,ATL,4,7,SAS,,99,ATL,D. Schrder makes free throw 1 of 2,101,9,,,,,,,,,,,,,,,D. Schröder - schrode01,make,1 of 2,,,,,,,,,,2,FALSE,TRUE
/boxscores/201801150ATL.html,regular,Philips Arena Atlanta Georgia,January 15 2018,3:00 PM,ATL,4,7,SAS,D. Green enters the game for P. Gasol,99,ATL,,101,9,,,,,,,,,,,,,,,,,,D. Green - greenda02,P. Gasol - gasolpa01,,,,,,,,2,FALSE,TRUE
/boxscores/201801150ATL.html,regular,Philips Arena Atlanta Georgia,January 15 2018,3:00 PM,ATL,4,7,SAS,,99,ATL,D. Schrder makes free throw 2 of 2,102,9,,,,,,,,,,,,,,,D. Schröder - schrode01,make,2 of 2,,,,,,,,,,3,FALSE,TRUE
/boxscores/201801150ATL.html,regular,Philips Arena Atlanta Georgia,January 15 2018,3:00 PM,ATL,4,2,SAS,D. Green misses 3-pt jump shot from 25 ft,99,ATL,,102,9,D. Green - greenda02,3-pt jump shot,miss,25,,,,,,,,,,,,,,,,,,,,,,,3,FALSE,TRUE
/boxscores/201801150ATL.html,regular,Philips Arena Atlanta Georgia,January 15 2018,3:00 PM,ATL,4,2,SAS,,99,ATL,Defensive rebound by Team,102,9,,,,,,,,,,Team,defensive,,,,,,,,,,,,,,,,3,FALSE,TRUE
/boxscores/201803030HOU.html,regular,Toyota Center Houston Texas,March 3 2018,8:30 PM,HOU,4,29,BOS,A. Horford misses 2-pt jump shot from 7 ft,115,HOU,,117,4,A. Horford - horfoal01,2-pt jump shot,miss,7,,,,,,,,,,,,,,,,,,,,,,,2,FALSE,TRUE
/boxscores/201803030HOU.html,regular,Toyota Center Houston Texas,March 3 2018,8:30 PM,HOU,4,23,BOS,Offensive rebound by A. Horford,115,HOU,,117,4,,,,,,,,,,A. Horford - horfoal01,offensive,,,,,,,,,,,,,,,,2,FALSE,TRUE
/boxscores/201803030HOU.html,regular,Toyota Center Houston Texas,March 3 2018,8:30 PM,HOU,4,23,BOS,Turnover by A. Horford (bad pass; steal by T. Ariza),115,HOU,,117,4,,,,,,,,,,,,,,,,,,,,A. Horford - horfoal01,bad pass,steal,T. Ariza - arizatr01,,,,2,FALSE,TRUE
/boxscores/201803030HOU.html,regular,Toyota Center Houston Texas,March 3 2018,8:30 PM,HOU,4,15,BOS,,115,HOU,Personal take foul by K. Irving (drawn by C. Paul),117,4,,,,,,,personal take,K. Irving - irvinky01,C. Paul - paulch01,,,,,,,,,,,,,,,,,,2,FALSE,TRUE
/boxscores/201803030HOU.html,regular,Toyota Center Houston Texas,March 3 2018,8:30 PM,HOU,4,15,BOS,,115,HOU,E. Gordon enters the game for C. Capela,117,4,,,,,,,,,,,,,,,,,,E. Gordon - gordoer01,C. Capela - capelca01,,,,,,,,2,FALSE,TRUE
/boxscores/201803030HOU.html,regular,Toyota Center Houston Texas,March 3 2018,8:30 PM,HOU,4,15,BOS,J. Tatum enters the game for M. Morris,115,HOU,,117,4,,,,,,,,,,,,,,,,,,J. Tatum - tatumja01,M. Morris - morrima03,,,,,,,,2,FALSE,TRUE
/boxscores/201803030HOU.html,regular,Toyota Center Houston Texas,March 3 2018,8:30 PM,HOU,4,15,BOS,,115,HOU,Personal take foul by A. Horford (drawn by C. Paul),117,4,,,,,,,personal take,A. Horford - horfoal01,C. Paul - paulch01,,,,,,,,,,,,,,,,,,2,FALSE,TRUE
/boxscores/201803030HOU.html,regular,Toyota Center Houston Texas,March 3 2018,8:30 PM,HOU,4,15,BOS,,115,HOU,C. Paul makes free throw 1 of 2,118,4,,,,,,,,,,,,,,,C. Paul - paulch01,make,1 of 2,,,,,,,,,,3,FALSE,TRUE
/boxscores/201803030HOU.html,regular,Toyota Center Houston Texas,March 3 2018,8:30 PM,HOU,4,15,BOS,,115,HOU,C. Capela enters the game for E. Gordon,118,4,,,,,,,,,,,,,,,,,,C. Capela - capelca01,E. Gordon - gordoer01,,,,,,,,3,FALSE,TRUE
/boxscores/201803030HOU.html,regular,Toyota Center Houston Texas,March 3 2018,8:30 PM,HOU,4,15,BOS,M. Morris enters the game for M. Smart,115,HOU,,118,4,,,,,,,,,,,,,,,,,,M. Morris - morrima03,M. Smart - smartma01,,,,,,,,3,FALSE,TRUE
/boxscores/201803030HOU.html,regular,Toyota Center Houston Texas,March 3 2018,8:30 PM,HOU,4,15,BOS,,115,HOU,C. Paul makes free throw 2 of 2,119,4,,,,,,,,,,,,,,,C. Paul - paulch01,make,2 of 2,,,,,,,,,,4,FALSE,TRUE
/boxscores/201803030HOU.html,regular,Toyota Center Houston Texas,March 3 2018,8:30 PM,HOU,4,7,BOS,K. Irving makes 2-pt layup at rim,117,HOU,,119,4,K. Irving - irvinky01,2-pt layup,make,0,,,,,,,,,,,,,,,,,,,,,,,2,FALSE,TRUE
/boxscores/201803030HOU.html,regular,Toyota Center Houston Texas,March 3 2018,8:30 PM,HOU,4,7,BOS,,117,HOU,Personal take foul by K. Irving (drawn by J. Harden),119,4,,,,,,,personal take,K. Irving - irvinky01,J. Harden - hardeja01,,,,,,,,,,,,,,,,,,2,FALSE,TRUE
/boxscores/201803030HOU.html,regular,Toyota Center Houston Texas,March 3 2018,8:30 PM,HOU,4,7,BOS,,117,HOU,J. Harden makes free throw 1 of 2,120,4,,,,,,,,,,,,,,,J. Harden - hardeja01,make,1 of 2,,,,,,,,,,3,FALSE,TRUE
/boxscores/201803030HOU.html,regular,Toyota Center Houston Texas,March 3 2018,8:30 PM,HOU,4,7,BOS,,117,HOU,J. Harden misses free throw 2 of 2,120,4,,,,,,,,,,,,,,,J. Harden - hardeja01,miss,2 of 2,,,,,,,,,,3,FALSE,TRUE
/boxscores/201803030HOU.html,regular,Toyota Center Houston Texas,March 3 2018,8:30 PM,HOU,4,6,BOS,Defensive rebound by Team,117,HOU,,120,4,,,,,,,,,,Team,defensive,,,,,,,,,,,,,,,,3,FALSE,TRUE
/boxscores/201803030HOU.html,regular,Toyota Center Houston Texas,March 3 2018,8:30 PM,HOU,4,6,BOS,Boston full timeout,117,HOU,,120,4,,,,,,,,,,,,,,BOS,,,,,,,,,,,,,3,FALSE,TRUE
/boxscores/201803030HOU.html,regular,Toyota Center Houston Texas,March 3 2018,8:30 PM,HOU,4,6,BOS,,117,HOU,E. Gordon enters the game for C. Capela,120,4,,,,,,,,,,,,,,,,,,E. Gordon - gordoer01,C. Capela - capelca01,,,,,,,,3,FALSE,TRUE
/boxscores/201803030HOU.html,regular,Toyota Center Houston Texas,March 3 2018,8:30 PM,HOU,4,5,BOS,Personal foul by P. Tucker (drawn by K. Irving),117,HOU,,120,4,,,,,,,personal,P. Tucker - tuckepj01,K. Irving - irvinky01,,,,,,,,,,,,,,,,,,3,FALSE,TRUE
/boxscores/201803030HOU.html,regular,Toyota Center Houston Texas,March 3 2018,8:30 PM,HOU,4,5,BOS,K. Irving makes free throw 1 of 2,118,HOU,,120,4,,,,,,,,,,,,,,,K. Irving - irvinky01,make,1 of 2,,,,,,,,,,2,FALSE,TRUE
/boxscores/201803030HOU.html,regular,Toyota Center Houston Texas,March 3 2018,8:30 PM,HOU,4,5,BOS,,118,HOU,C. Capela enters the game for E. Gordon,120,4,,,,,,,,,,,,,,,,,,C. Capela - capelca01,E. Gordon - gordoer01,,,,,,,,2,FALSE,TRUE
/boxscores/201803030HOU.html,regular,Toyota Center Houston Texas,March 3 2018,8:30 PM,HOU,4,5,BOS,G. Monroe enters the game for M. Morris,118,HOU,,120,4,,,,,,,,,,,,,,,,,,G. Monroe - monrogr01,M. Morris - morrima03,,,,,,,,2,FALSE,TRUE
/boxscores/201803030HOU.html,regular,Toyota Center Houston Texas,March 3 2018,8:30 PM,HOU,4,5,BOS,K. Irving makes free throw 2 of 2,119,HOU,,120,4,,,,,,,,,,,,,,,K. Irving - irvinky01,make,2 of 2,,,,,,,,,,1,FALSE,TRUE
/boxscores/201803030HOU.html,regular,Toyota Center Houston Texas,March 3 2018,8:30 PM,HOU,4,4,BOS,,119,HOU,Personal take foul by T. Rozier (drawn by C. Paul),120,4,,,,,,,personal take,T. Rozier - roziete01,C. Paul - paulch01,,,,,,,,,,,,,,,,,,1,FALSE,TRUE
/boxscores/201803030HOU.html,regular,Toyota Center Houston Texas,March 3 2018,8:30 PM,HOU,4,4,BOS,,119,HOU,C. Paul makes free throw 1 of 2,121,4,,,,,,,,,,,,,,,C. Paul - paulch01,make,1 of 2,,,,,,,,,,2,FALSE,TRUE
/boxscores/201803030HOU.html,regular,Toyota Center Houston Texas,March 3 2018,8:30 PM,HOU,4,4,BOS,,119,HOU,E. Gordon enters the game for C. Capela,121,4,,,,,,,,,,,,,,,,,,E. Gordon - gordoer01,C. Capela - capelca01,,,,,,,,2,FALSE,TRUE
/boxscores/201803030HOU.html,regular,Toyota Center Houston Texas,March 3 2018,8:30 PM,HOU,4,4,BOS,M. Morris enters the game for G. Monroe,119,HOU,,121,4,,,,,,,,,,,,,,,,,,M. Morris - morrima03,G. Monroe - monrogr01,,,,,,,,2,FALSE,TRUE
/boxscores/201803030HOU.html,regular,Toyota Center Houston Texas,March 3 2018,8:30 PM,HOU,4,4,BOS,,119,HOU,C. Paul makes free throw 2 of 2,122,4,,,,,,,,,,,,,,,C. Paul - paulch01,make,2 of 2,,,,,,,,,,3,FALSE,TRUE
/boxscores/201803030HOU.html,regular,Toyota Center Houston Texas,March 3 2018,8:30 PM,HOU,4,2,BOS,Personal take foul by C. Paul (drawn by K. Irving),119,HOU,,122,4,,,,,,,personal take,C. Paul - paulch01,K. Irving - irvinky01,,,,,,,,,,,,,,,,,,3,FALSE,TRUE
/boxscores/201803030HOU.html,regular,Toyota Center Houston Texas,March 3 2018,8:30 PM,HOU,4,2,BOS,K. Irving makes free throw 1 of 2,120,HOU,,122,4,,,,,,,,,,,,,,,K. Irving - irvinky01,make,1 of 2,,,,,,,,,,2,FALSE,TRUE
/boxscores/201803030HOU.html,regular,Toyota Center Houston Texas,March 3 2018,8:30 PM,HOU,4,2,BOS,,120,HOU,C. Capela enters the game for E. Gordon,122,4,,,,,,,,,,,,,,,,,,C. Capela - capelca01,E. Gordon - gordoer01,,,,,,,,2,FALSE,TRUE
/boxscores/201803030HOU.html,regular,Toyota Center Houston Texas,March 3 2018,8:30 PM,HOU,4,2,BOS,M. Smart enters the game for J. Tatum,120,HOU,,122,4,,,,,,,,,,,,,,,,,,M. Smart - smartma01,J. Tatum - tatumja01,,,,,,,,2,FALSE,TRUE
/boxscores/201803030HOU.html,regular,Toyota Center Houston Texas,March 3 2018,8:30 PM,HOU,4,2,BOS,G. Monroe enters the game for M. Morris,120,HOU,,122,4,,,,,,,,,,,,,,,,,,G. Monroe - monrogr01,M. Morris - morrima03,,,,,,,,2,FALSE,TRUE
/boxscores/201803030HOU.html,regular,Toyota Center Houston Texas,March 3 2018,8:30 PM,HOU,4,2,BOS,K. Irving misses free throw 2 of 2,120,HOU,,122,4,,,,,,,,,,,,,,,K. Irving - irvinky01,miss,2 of 2,,,,,,,,,,2,FALSE,TRUE
/boxscores/201803030HOU.html,regular,Toyota Center Houston Texas,March 3 2018,8:30 PM,HOU,4,2,BOS,,120,HOU,Defensive rebound by Team,122,4,,,,,,,,,,Team,defensive,,,,,,,,,,,,,,,,2,FALSE,TRUE
/boxscores/201803030HOU.html,regular,Toyota Center Houston Texas,March 3 2018,8:30 PM,HOU,4,2,BOS,,120,HOU,Houston full timeout,122,4,,,,,,,,,,,,,,HOU,,,,,,,,,,,,,2,FALSE,TRUE
/boxscores/201803030HOU.html,regular,Toyota Center Houston Texas,March 3 2018,8:30 PM,HOU,4,2,BOS,,120,HOU,E. Gordon enters the game for C. Capela,122,4,,,,,,,,,,,,,,,,,,E. Gordon - gordoer01,C. Capela - capelca01,,,,,,,,2,FALSE,TRUE
/boxscores/201803030HOU.html,regular,Toyota Center Houston Texas,March 3 2018,8:30 PM,HOU,4,2,BOS,J. Tatum enters the game for A. Horford,120,HOU,,122,4,,,,,,,,,,,,,,,,,,J. Tatum - tatumja01,A. Horford - horfoal01,,,,,,,,2,FALSE,TRUE
/boxscores/201803030HOU.html,regular,Toyota Center Houston Texas,March 3 2018,8:30 PM,HOU,4,2,BOS,M. Morris enters the game for G. Monroe,120,HOU,,122,4,,,,,,,,,,,,,,,,,,M. Morris - morrima03,G. Monroe - monrogr01,,,,,,,,2,FALSE,TRUE
/boxscores/201803030HOU.html,regular,Toyota Center Houston Texas,March 3 2018,8:30 PM,HOU,4,2,BOS,,120,HOU,Houston full timeout,122,4,,,,,,,,,,,,,,HOU,,,,,,,,,,,,,2,FALSE,TRUE
/boxscores/201803030HOU.html,regular,Toyota Center Houston Texas,March 3 2018,8:30 PM,HOU,4,2,BOS,,120,HOU,J. Johnson enters the game for P. Tucker,122,4,,,,,,,,,,,,,,,,,,J. Johnson - johnsjo02,P. Tucker - tuckepj01,,,,,,,,2,FALSE,TRUE
/boxscores/201803030HOU.html,regular,Toyota Center Houston Texas,March 3 2018,8:30 PM,HOU,4,2,BOS,,120,HOU,Personal take foul by J. Tatum (drawn by E. Gordon),122,4,,,,,,,personal take,J. Tatum - tatumja01,E. Gordon - gordoer01,,,,,,,,,,,,,,,,,,2,FALSE,TRUE
/boxscores/201803030HOU.html,regular,Toyota Center Houston Texas,March 3 2018,8:30 PM,HOU,4,2,BOS,,120,HOU,E. Gordon misses free throw 1 of 2,122,4,,,,,,,,,,,,,,,E. Gordon - gordoer01,miss,1 of 2,,,,,,,,,,2,FALSE,TRUE
/boxscores/201803030HOU.html,regular,Toyota Center Houston Texas,March 3 2018,8:30 PM,HOU,4,2,BOS,,120,HOU,Offensive rebound by Team,122,4,,,,,,,,,,Team,offensive,,,,,,,,,,,,,,,,2,FALSE,TRUE
/boxscores/201803030HOU.html,regular,Toyota Center Houston Texas,March 3 2018,8:30 PM,HOU,4,2,BOS,,120,HOU,P. Tucker enters the game for J. Johnson,122,4,,,,,,,,,,,,,,,,,,P. Tucker - tuckepj01,J. Johnson - johnsjo02,,,,,,,,2,FALSE,TRUE
/boxscores/201803030HOU.html,regular,Toyota Center Houston Texas,March 3 2018,8:30 PM,HOU,4,2,BOS,,120,HOU,E. Gordon makes free throw 2 of 2,123,4,,,,,,,,,,,,,,,E. Gordon - gordoer01,make,2 of 2,,,,,,,,,,3,FALSE,TRUE
/boxscores/201803030HOU.html,regular,Toyota Center Houston Texas,March 3 2018,8:30 PM,HOU,4,0,BOS,M. Smart misses 3-pt jump shot from 26 ft,120,HOU,,123,4,M. Smart - smartma01,3-pt jump shot,miss,26,,,,,,,,,,,,,,,,,,,,,,,3,FALSE,TRUE
/boxscores/201803030HOU.html,regular,Toyota Center Houston Texas,March 3 2018,8:30 PM,HOU,4,0,BOS,Offensive rebound by Team,120,HOU,,123,4,,,,,,,,,,Team,offensive,,,,,,,,,,,,,,,,3,FALSE,TRUE
/boxscores/201903030CHI.html,regular,United Center Chicago Illinois,March 3 2019,3:30 PM,ATL,4,33,ATL,,120,CHI,Defensive rebound by K. Dunn,117,0,,,,,,,,,,K. Dunn - dunnkr01,defensive,,,,,,,,,,,,,,,,3,FALSE,TRUE
/boxscores/201903030CHI.html,regular,United Center Chicago Illinois,March 3 2019,3:30 PM,ATL,4,21,ATL,,120,CHI,K. Dunn misses 3-pt jump shot from 27 ft,117,0,K. Dunn - dunnkr01,3-pt jump shot,miss,27,,,,,,,,,,,,,,,,,,,,,,,3,FALSE,TRUE
/boxscores/201903030CHI.html,regular,United Center Chicago Illinois,March 3 2019,3:30 PM,ATL,4,18,ATL,Defensive rebound by A. Poythress,120,CHI,,117,5,,,,,,,,,,A. Poythress - poythal01,defensive,,,,,,,,,,,,,,,,3,FALSE,TRUE
/boxscores/201903030CHI.html,regular,United Center Chicago Illinois,March 3 2019,3:30 PM,ATL,4,18,ATL,Atlanta full timeout,120,CHI,,117,5,,,,,,,,,,,,,,ATL,,,,,,,,,,,,,3,FALSE,TRUE
/boxscores/201903030CHI.html,regular,United Center Chicago Illinois,March 3 2019,3:30 PM,ATL,4,18,ATL,Atlanta full timeout,120,CHI,,117,5,,,,,,,,,,,,,,ATL,,,,,,,,,,,,,3,FALSE,TRUE
/boxscores/201903030CHI.html,regular,United Center Chicago Illinois,March 3 2019,3:30 PM,ATL,4,18,ATL,D. Dedmon enters the game for A. Poythress,120,CHI,,117,5,,,,,,,,,,,,,,,,,,D. Dedmon - dedmode01,A. Poythress - poythal01,,,,,,,,3,FALSE,TRUE
/boxscores/201903030CHI.html,regular,United Center Chicago Illinois,March 3 2019,3:30 PM,ATL,4,18,ATL,,120,CHI,W. Selden enters the game for R. Lopez,117,5,,,,,,,,,,,,,,,,,,W. Selden - seldewa01,R. Lopez - lopezro01,,,,,,,,3,FALSE,TRUE
/boxscores/201903030CHI.html,regular,United Center Chicago Illinois,March 3 2019,3:30 PM,ATL,4,15,ATL,Personal take foul by Z. LaVine (drawn by K. Huerter),120,CHI,,117,5,,,,,,,personal take,Z. LaVine - lavinza01,K. Huerter - huertke01,,,,,,,,,,,,,,,,,,3,FALSE,TRUE
/boxscores/201903030CHI.html,regular,United Center Chicago Illinois,March 3 2019,3:30 PM,ATL,4,15,ATL,K. Huerter misses free throw 1 of 2,120,CHI,,117,5,,,,,,,,,,,,,,,K. Huerter - huertke01,miss,1 of 2,,,,,,,,,,3,FALSE,TRUE
/boxscores/201903030CHI.html,regular,United Center Chicago Illinois,March 3 2019,3:30 PM,ATL,4,15,ATL,Offensive rebound by Team,120,CHI,,117,5,,,,,,,,,,Team,offensive,,,,,,,,,,,,,,,,3,FALSE,TRUE
/boxscores/201903030CHI.html,regular,United Center Chicago Illinois,March 3 2019,3:30 PM,ATL,4,15,ATL,D. Bembry enters the game for A. Len,120,CHI,,117,5,,,,,,,,,,,,,,,,,,D. Bembry - bembrde01,A. Len - lenal01,,,,,,,,3,FALSE,TRUE
/boxscores/201903030CHI.html,regular,United Center Chicago Illinois,March 3 2019,3:30 PM,ATL,4,15,ATL,,120,CHI,R. Lopez enters the game for S. Harrison,117,5,,,,,,,,,,,,,,,,,,R. Lopez - lopezro01,S. Harrison - harrish01,,,,,,,,3,FALSE,TRUE
/boxscores/201903030CHI.html,regular,United Center Chicago Illinois,March 3 2019,3:30 PM,ATL,4,15,ATL,K. Huerter misses free throw 2 of 2,120,CHI,,117,5,,,,,,,,,,,,,,,K. Huerter - huertke01,miss,2 of 2,,,,,,,,,,3,FALSE,TRUE
/boxscores/201903030CHI.html,regular,United Center Chicago Illinois,March 3 2019,3:30 PM,ATL,4,15,ATL,,120,CHI,Defensive rebound by W. Selden,117,5,,,,,,,,,,W. Selden - seldewa01,defensive,,,,,,,,,,,,,,,,3,FALSE,TRUE
/boxscores/201903030CHI.html,regular,United Center Chicago Illinois,March 3 2019,3:30 PM,ATL,4,15,ATL,,120,CHI,Chicago full timeout,117,5,,,,,,,,,,,,,,CHI,,,,,,,,,,,,,3,FALSE,TRUE
/boxscores/201903030CHI.html,regular,United Center Chicago Illinois,March 3 2019,3:30 PM,ATL,4,11,ATL,,120,CHI,L. Markkanen misses 3-pt jump shot from 25 ft,117,5,L. Markkanen - markkla01,3-pt jump shot,miss,25,,,,,,,,,,,,,,,,,,,,,,,3,FALSE,TRUE
/boxscores/201903030CHI.html,regular,United Center Chicago Illinois,March 3 2019,3:30 PM,ATL,4,7,ATL,Defensive rebound by K. Bazemore,120,CHI,,117,5,,,,,,,,,,K. Bazemore - bazemke01,defensive,,,,,,,,,,,,,,,,3,FALSE,TRUE
/boxscores/201903030CHI.html,regular,United Center Chicago Illinois,March 3 2019,3:30 PM,ATL,4,7,ATL,Personal take foul by K. Dunn (drawn by K. Bazemore),120,CHI,,117,5,,,,,,,personal take,K. Dunn - dunnkr01,K. Bazemore - bazemke01,,,,,,,,,,,,,,,,,,3,FALSE,TRUE
/boxscores/201903030CHI.html,regular,United Center Chicago Illinois,March 3 2019,3:30 PM,ATL,4,7,ATL,K. Bazemore misses free throw 1 of 2,120,CHI,,117,5,,,,,,,,,,,,,,,K. Bazemore - bazemke01,miss,1 of 2,,,,,,,,,,3,FALSE,TRUE
/boxscores/201903030CHI.html,regular,United Center Chicago Illinois,March 3 2019,3:30 PM,ATL,4,7,ATL,Offensive rebound by Team,120,CHI,,117,5,,,,,,,,,,Team,offensive,,,,,,,,,,,,,,,,3,FALSE,TRUE
/boxscores/201903030CHI.html,regular,United Center Chicago Illinois,March 3 2019,3:30 PM,ATL,4,7,ATL,K. Bazemore makes free throw 2 of 2,121,CHI,,117,5,,,,,,,,,,,,,,,K. Bazemore - bazemke01,make,2 of 2,,,,,,,,,,4,FALSE,TRUE
/boxscores/201903030CHI.html,regular,United Center Chicago Illinois,March 3 2019,3:30 PM,ATL,4,5,ATL,,121,CHI,Personal take foul by D. Bembry (drawn by Z. LaVine),117,5,,,,,,,personal take,D. Bembry - bembrde01,Z. LaVine - lavinza01,,,,,,,,,,,,,,,,,,4,FALSE,TRUE
/boxscores/201903030CHI.html,regular,United Center Chicago Illinois,March 3 2019,3:30 PM,ATL,4,5,ATL,,121,CHI,Z. LaVine makes free throw 1 of 2,118,5,,,,,,,,,,,,,,,Z. LaVine - lavinza01,make,1 of 2,,,,,,,,,,3,FALSE,TRUE
/boxscores/201903030CHI.html,regular,United Center Chicago Illinois,March 3 2019,3:30 PM,ATL,4,5,ATL,A. Len enters the game for D. Bembry,121,CHI,,118,5,,,,,,,,,,,,,,,,,,A. Len - lenal01,D. Bembry - bembrde01,,,,,,,,3,FALSE,TRUE
/boxscores/201903030CHI.html,regular,United Center Chicago Illinois,March 3 2019,3:30 PM,ATL,4,5,ATL,,121,CHI,S. Harrison enters the game for R. Lopez,118,5,,,,,,,,,,,,,,,,,,S. Harrison - harrish01,R. Lopez - lopezro01,,,,,,,,3,FALSE,TRUE
/boxscores/201903030CHI.html,regular,United Center Chicago Illinois,March 3 2019,3:30 PM,ATL,4,5,ATL,,121,CHI,Z. LaVine misses free throw 2 of 2,118,5,,,,,,,,,,,,,,,Z. LaVine - lavinza01,miss,2 of 2,,,,,,,,,,3,FALSE,TRUE
/boxscores/201903030CHI.html,regular,United Center Chicago Illinois,March 3 2019,3:30 PM,ATL,4,4,ATL,Defensive rebound by A. Len,121,CHI,,118,5,,,,,,,,,,A. Len - lenal01,defensive,,,,,,,,,,,,,,,,3,FALSE,TRUE
/boxscores/201903030CHI.html,regular,United Center Chicago Illinois,March 3 2019,3:30 PM,ATL,4,4,ATL,Personal take foul by W. Selden (drawn by A. Len),121,CHI,,118,5,,,,,,,personal take,W. Selden - seldewa01,A. Len - lenal01,,,,,,,,,,,,,,,,,,3,FALSE,TRUE
/boxscores/201903030CHI.html,regular,United Center Chicago Illinois,March 3 2019,3:30 PM,ATL,4,4,ATL,A. Len makes free throw 1 of 2,122,CHI,,118,5,,,,,,,,,,,,,,,A. Len - lenal01,make,1 of 2,,,,,,,,,,4,FALSE,TRUE
/boxscores/201903030CHI.html,regular,United Center Chicago Illinois,March 3 2019,3:30 PM,ATL,4,4,ATL,D. Bembry enters the game for D. Dedmon,122,CHI,,118,5,,,,,,,,,,,,,,,,,,D. Bembry - bembrde01,D. Dedmon - dedmode01,,,,,,,,4,FALSE,TRUE
/boxscores/201903030CHI.html,regular,United Center Chicago Illinois,March 3 2019,3:30 PM,ATL,4,4,ATL,A. Len makes free throw 2 of 2,123,CHI,,118,5,,,,,,,,,,,,,,,A. Len - lenal01,make,2 of 2,,,,,,,,,,5,FALSE,TRUE
/boxscores/201903030CHI.html,regular,United Center Chicago Illinois,March 3 2019,3:30 PM,ATL,4,0,ATL,,123,CHI,Z. LaVine misses 3-pt jump shot from 26 ft,118,5,Z. LaVine - lavinza01,3-pt jump shot,miss,26,,,,,,,,,,,,,,,,,,,,,,,5,FALSE,TRUE
/boxscores/201903030CHI.html,regular,United Center Chicago Illinois,March 3 2019,3:30 PM,ATL,4,0,ATL,,123,CHI,Offensive rebound by Team,118,5,,,,,,,,,,Team,offensive,,,,,,,,,,,,,,,,5,FALSE,TRUE
/boxscores/201903030CHI.html,regular,United Center Chicago Illinois,March 3 2019,3:30 PM,ATL,4,0,ATL,End of 4th quarter,123,CHI,,118,5,,,,,,,,,,,,,,,,,,,,,,,,,,,5,FALSE,TRUE
/boxscores/201903030CHI.html,regular,United Center Chicago Illinois,March 3 2019,3:30 PM,ATL,4,0,ATL,End of Game,123,CHI,,118,5,,,,,,,,,,,,,,,,,,,,,,,,,,,5,FALSE,TRUE
/boxscores/201903040UTA.html,regular,Vivint Smart Home Arena Salt Lake City Utah,March 4 2019,9:00 PM,NOP,4,29,NOP,J. Holiday misses 2-pt layup from 9 ft,111,UTA,,112,3,J. Holiday - holidjr01,2-pt layup,miss,9,,,,,,,,,,,,,,,,,,,,,,,1,FALSE,TRUE
/boxscores/201903040UTA.html,regular,Vivint Smart Home Arena Salt Lake City Utah,March 4 2019,9:00 PM,NOP,4,26,NOP,Offensive rebound by E. Payton,111,UTA,,112,3,,,,,,,,,,E. Payton - paytoel01,offensive,,,,,,,,,,,,,,,,1,FALSE,TRUE
/boxscores/201903040UTA.html,regular,Vivint Smart Home Arena Salt Lake City Utah,March 4 2019,9:00 PM,NOP,4,24,NOP,E. Payton makes 2-pt layup from 2 ft,113,UTA,,112,3,E. Payton - paytoel01,2-pt layup,make,2,,,,,,,,,,,,,,,,,,,,,,,1,FALSE,TRUE
/boxscores/201903040UTA.html,regular,Vivint Smart Home Arena Salt Lake City Utah,March 4 2019,9:00 PM,NOP,4,3,NOP,,113,UTA,D. Mitchell misses 2-pt jump shot from 13 ft,112,3,D. Mitchell - mitchdo01,2-pt jump shot,miss,13,,,,,,,,,,,,,,,,,,,,,,,1,FALSE,TRUE
/boxscores/201903040UTA.html,regular,Vivint Smart Home Arena Salt Lake City Utah,March 4 2019,9:00 PM,NOP,4,0,NOP,Defensive rebound by J. Randle,113,UTA,,112,3,,,,,,,,,,J. Randle - randlju01,defensive,,,,,,,,,,,,,,,,1,FALSE,TRUE
/boxscores/201903040UTA.html,regular,Vivint Smart Home Arena Salt Lake City Utah,March 4 2019,9:00 PM,NOP,4,0,NOP,Personal take foul by R. Gobert (drawn by J. Randle),113,UTA,,112,3,,,,,,,personal take,R. Gobert - goberru01,J. Randle - randlju01,,,,,,,,,,,,,,,,,,1,FALSE,TRUE
/boxscores/201903040UTA.html,regular,Vivint Smart Home Arena Salt Lake City Utah,March 4 2019,9:00 PM,NOP,4,0,NOP,J. Randle makes free throw 1 of 2,114,UTA,,112,3,,,,,,,,,,,,,,,J. Randle - randlju01,make,1 of 2,,,,,,,,,,2,FALSE,TRUE
/boxscores/201903040UTA.html,regular,Vivint Smart Home Arena Salt Lake City Utah,March 4 2019,9:00 PM,NOP,4,0,NOP,J. Randle makes free throw 2 of 2,115,UTA,,112,3,,,,,,,,,,,,,,,J. Randle - randlju01,make,2 of 2,,,,,,,,,,3,FALSE,TRUE
/boxscores/201903040UTA.html,regular,Vivint Smart Home Arena Salt Lake City Utah,March 4 2019,9:00 PM,NOP,4,0,NOP,,115,UTA,Utah full timeout,112,3,,,,,,,,,,,,,,UTA,,,,,,,,,,,,,3,FALSE,TRUE
/boxscores/201903040UTA.html,regular,Vivint Smart Home Arena Salt Lake City Utah,March 4 2019,9:00 PM,NOP,4,0,NOP,A. Davis enters the game for J. Randle,115,UTA,,112,3,,,,,,,,,,,,,,,,,,A. Davis - davisan02,J. Randle - randlju01,,,,,,,,3,FALSE,TRUE
/boxscores/201903040UTA.html,regular,Vivint Smart Home Arena Salt Lake City Utah,March 4 2019,9:00 PM,NOP,4,0,NOP,,115,UTA,K. Korver enters the game for J. Crowder,112,3,,,,,,,,,,,,,,,,,,K. Korver - korveky01,J. Crowder - crowdja01,,,,,,,,3,FALSE,TRUE
/boxscores/201903040UTA.html,regular,Vivint Smart Home Arena Salt Lake City Utah,March 4 2019,9:00 PM,NOP,4,0,NOP,,115,UTA,Utah full timeout,112,3,,,,,,,,,,,,,,UTA,,,,,,,,,,,,,3,FALSE,TRUE
/boxscores/201903040UTA.html,regular,Vivint Smart Home Arena Salt Lake City Utah,March 4 2019,9:00 PM,NOP,4,0,NOP,,115,UTA,Turnover by D. Mitchell (bad pass),112,3,,,,,,,,,,,,,,,,,,,,D. Mitchell - mitchdo01,bad pass,,,,,,3,FALSE,TRUE
/boxscores/201903040UTA.html,regular,Vivint Smart Home Arena Salt Lake City Utah,March 4 2019,9:00 PM,NOP,4,0,NOP,End of 4th quarter,115,UTA,,112,3,,,,,,,,,,,,,,,,,,,,,,,,,,,3,FALSE,TRUE
/boxscores/201903040UTA.html,regular,Vivint Smart Home Arena Salt Lake City Utah,March 4 2019,9:00 PM,NOP,4,0,NOP,End of Game,115,UTA,,112,3,,,,,,,,,,,,,,,,,,,,,,,,,,,3,FALSE,TRUE
/boxscores/201903240TOR.html,regular,Scotiabank Arena Toronto Canada,March 24 2019,6:00 PM,CHO,4,32,CHO,K. Walker misses 2-pt layup from 3 ft (block by K. Leonard),112,TOR,,114,3,K. Walker - walkeke02,2-pt layup,miss,3,,K. Leonard - leonaka01,,,,,,,,,,,,,,,,,,,,,2,FALSE,TRUE
/boxscores/201903240TOR.html,regular,Scotiabank Arena Toronto Canada,March 24 2019,6:00 PM,CHO,4,29,CHO,,112,TOR,Defensive rebound by K. Lowry,114,3,,,,,,,,,,K. Lowry - lowryky01,defensive,,,,,,,,,,,,,,,,2,FALSE,TRUE
/boxscores/201903240TOR.html,regular,Scotiabank Arena Toronto Canada,March 24 2019,6:00 PM,CHO,4,5,CHO,,112,TOR,K. Leonard misses 2-pt jump shot from 16 ft,114,3,K. Leonard - leonaka01,2-pt jump shot,miss,16,,,,,,,,,,,,,,,,,,,,,,,2,FALSE,TRUE
/boxscores/201903240TOR.html,regular,Scotiabank Arena Toronto Canada,March 24 2019,6:00 PM,CHO,4,4,CHO,Defensive rebound by D. Graham,112,TOR,,114,3,,,,,,,,,,D. Graham - grahade01,defensive,,,,,,,,,,,,,,,,2,FALSE,TRUE
/boxscores/201903240TOR.html,regular,Scotiabank Arena Toronto Canada,March 24 2019,6:00 PM,CHO,4,4,CHO,Charlotte full timeout,112,TOR,,114,3,,,,,,,,,,,,,,CHO,,,,,,,,,,,,,2,FALSE,TRUE
/boxscores/201903240TOR.html,regular,Scotiabank Arena Toronto Canada,March 24 2019,6:00 PM,CHO,4,4,CHO,F. Kaminsky enters the game for D. Graham,112,TOR,,114,3,,,,,,,,,,,,,,,,,,F. Kaminsky - kaminfr01,D. Graham - grahade01,,,,,,,,2,FALSE,TRUE
/boxscores/201903240TOR.html,regular,Scotiabank Arena Toronto Canada,March 24 2019,6:00 PM,CHO,4,3,CHO,Personal take foul by F. VanVleet (drawn by M. Bridges),112,TOR,,114,3,,,,,,,personal take,F. VanVleet - vanvlfr01,M. Bridges - bridgmi02,,,,,,,,,,,,,,,,,,2,FALSE,TRUE
/boxscores/201903240TOR.html,regular,Scotiabank Arena Toronto Canada,March 24 2019,6:00 PM,CHO,4,0,CHO,J. Lamb makes 3-pt jump shot from 48 ft,115,TOR,,114,3,J. Lamb - lambje01,3-pt jump shot,make,48,,,,,,,,,,,,,,,,,,,,,,,1,FALSE,TRUE
/boxscores/201903240TOR.html,regular,Scotiabank Arena Toronto Canada,March 24 2019,6:00 PM,CHO,4,0,CHO,End of 4th quarter,115,TOR,,114,3,,,,,,,,,,,,,,,,,,,,,,,,,,,1,FALSE,TRUE
/boxscores/201903240TOR.html,regular,Scotiabank Arena Toronto Canada,March 24 2019,6:00 PM,CHO,4,0,CHO,End of Game,115,TOR,,114,3,,,,,,,,,,,,,,,,,,,,,,,,,,,1,FALSE,TRUE
/boxscores/202002030LAC.html,regular,STAPLES Center Los Angeles California,February 3 2020,10:30 PM,LAC,4,32,SAS,P. Mills misses 3-pt jump shot from 29 ft,102,LAC,,104,9,P. Mills - millspa02,3-pt jump shot,miss,29,,,,,,,,,,,,,,,,,,,,,,,2,FALSE,TRUE
/boxscores/202002030LAC.html,regular,STAPLES Center Los Angeles California,February 3 2020,10:30 PM,LAC,4,29,SAS,,102,LAC,Defensive rebound by P. George,104,9,,,,,,,,,,P. George - georgpa01,defensive,,,,,,,,,,,,,,,,2,FALSE,TRUE
/boxscores/202002030LAC.html,regular,STAPLES Center Los Angeles California,February 3 2020,10:30 PM,LAC,4,13,SAS,,102,LAC,P. George makes 2-pt jump shot from 18 ft,106,9,P. George - georgpa01,2-pt jump shot,make,18,,,,,,,,,,,,,,,,,,,,,,,4,FALSE,TRUE
/boxscores/202002030LAC.html,regular,STAPLES Center Los Angeles California,February 3 2020,10:30 PM,LAC,4,13,SAS,San Antonio full timeout,102,LAC,,106,9,,,,,,,,,,,,,,SAS,,,,,,,,,,,,,4,FALSE,TRUE
/boxscores/202002030LAC.html,regular,STAPLES Center Los Angeles California,February 3 2020,10:30 PM,LAC,4,13,SAS,,102,LAC,M. Harkless enters the game for M. Harrell,106,9,,,,,,,,,,,,,,,,,,M. Harkless - harklma01,M. Harrell - harremo01,,,,,,,,4,FALSE,TRUE
/boxscores/202002030LAC.html,regular,STAPLES Center Los Angeles California,February 3 2020,10:30 PM,LAC,4,9,SAS,Personal take foul by K. Leonard (drawn by D. DeRozan),102,LAC,,106,9,,,,,,,personal take,K. Leonard - leonaka01,D. DeRozan - derozde01,,,,,,,,,,,,,,,,,,4,FALSE,TRUE
/boxscores/202002030LAC.html,regular,STAPLES Center Los Angeles California,February 3 2020,10:30 PM,LAC,4,9,SAS,San Antonio full timeout,102,LAC,,106,9,,,,,,,,,,,,,,SAS,,,,,,,,,,,,,4,FALSE,TRUE
/boxscores/202002030LAC.html,regular,STAPLES Center Los Angeles California,February 3 2020,10:30 PM,LAC,4,9,SAS,B. Forbes enters the game for L. Walker,102,LAC,,106,9,,,,,,,,,,,,,,,,,,B. Forbes - forbebr01,L. Walker - walkelo01,,,,,,,,4,FALSE,TRUE
/boxscores/202002030LAC.html,regular,STAPLES Center Los Angeles California,February 3 2020,10:30 PM,LAC,4,2,SAS,P. Mills makes 3-pt jump shot from 27 ft (assist by D. White),105,LAC,,106,9,P. Mills - millspa02,3-pt jump shot,make,27,D. White - whitede01,,,,,,,,,,,,,,,,,,,,,,1,FALSE,TRUE
/boxscores/202002030LAC.html,regular,STAPLES Center Los Angeles California,February 3 2020,10:30 PM,LAC,4,1,SAS,,105,LAC,Personal take foul by D. White (drawn by P. George),106,9,,,,,,,personal take,D. White - whitede01,P. George - georgpa01,,,,,,,,,,,,,,,,,,1,FALSE,TRUE
/boxscores/202002030LAC.html,regular,STAPLES Center Los Angeles California,February 3 2020,10:30 PM,LAC,4,1,SAS,,105,LAC,LA Clippers full timeout,106,9,,,,,,,,,,,,,,LAC,,,,,,,,,,,,,1,FALSE,TRUE
/boxscores/202002030LAC.html,regular,STAPLES Center Los Angeles California,February 3 2020,10:30 PM,LAC,4,1,SAS,L. Walker enters the game for L. Aldridge,105,LAC,,106,9,,,,,,,,,,,,,,,,,,L. Walker - walkelo01,L. Aldridge - aldrila01,,,,,,,,1,FALSE,TRUE
/boxscores/202002030LAC.html,regular,STAPLES Center Los Angeles California,February 3 2020,10:30 PM,LAC,4,1,SAS,,105,LAC,L. Williams enters the game for M. Harkless,106,9,,,,,,,,,,,,,,,,,,L. Williams - willilo02,M. Harkless - harklma01,,,,,,,,1,FALSE,TRUE
/boxscores/202002030LAC.html,regular,STAPLES Center Los Angeles California,February 3 2020,10:30 PM,LAC,4,1,SAS,,105,LAC,Personal take foul by P. Mills (drawn by L. Williams),106,9,,,,,,,personal take,P. Mills - millspa02,L. Williams - willilo02,,,,,,,,,,,,,,,,,,1,FALSE,TRUE
/boxscores/202002030LAC.html,regular,STAPLES Center Los Angeles California,February 3 2020,10:30 PM,LAC,4,1,SAS,,105,LAC,L. Williams makes free throw 1 of 2,107,9,,,,,,,,,,,,,,,L. Williams - willilo02,make,1 of 2,,,,,,,,,,2,FALSE,TRUE
/boxscores/202002030LAC.html,regular,STAPLES Center Los Angeles California,February 3 2020,10:30 PM,LAC,4,1,SAS,,105,LAC,L. Williams makes free throw 2 of 2,108,9,,,,,,,,,,,,,,,L. Williams - willilo02,make,2 of 2,,,,,,,,,,3,FALSE,TRUE
/boxscores/202002030LAC.html,regular,STAPLES Center Los Angeles California,February 3 2020,10:30 PM,LAC,4,1,SAS,,105,LAC,M. Harkless enters the game for L. Shamet,108,9,,,,,,,,,,,,,,,,,,M. Harkless - harklma01,L. Shamet - shamela01,,,,,,,,3,FALSE,TRUE
/boxscores/202002030LAC.html,regular,STAPLES Center Los Angeles California,February 3 2020,10:30 PM,LAC,4,0,SAS,D. White misses 3-pt jump shot from 45 ft,105,LAC,,108,9,D. White - whitede01,3-pt jump shot,miss,45,,,,,,,,,,,,,,,,,,,,,,,3,FALSE,TRUE
/boxscores/202002030LAC.html,regular,STAPLES Center Los Angeles California,February 3 2020,10:30 PM,LAC,4,0,SAS,Offensive rebound by Team,105,LAC,,108,9,,,,,,,,,,Team,offensive,,,,,,,,,,,,,,,,3,FALSE,TRUE
/boxscores/202002030LAC.html,regular,STAPLES Center Los Angeles California,February 3 2020,10:30 PM,LAC,4,0,SAS,End of 4th quarter,105,LAC,,108,9,,,,,,,,,,,,,,,,,,,,,,,,,,,3,FALSE,TRUE
/boxscores/202002030LAC.html,regular,STAPLES Center Los Angeles California,February 3 2020,10:30 PM,LAC,4,0,SAS,End of Game,105,LAC,,108,9,,,,,,,,,,,,,,,,,,,,,,,,,,,3,FALSE,TRUE
/boxscores/202002100IND.html,regular,Bankers Life Fieldhouse Indianapolis Indiana,February 10 2020,7:00 PM,BRK,4,34,BRK,Defensive rebound by D. Jordan,101,IND,,103,2,,,,,,,,,,D. Jordan - jordade01,defensive,,,,,,,,,,,,,,,,2,FALSE,TRUE
/boxscores/202002100IND.html,regular,Bankers Life Fieldhouse Indianapolis Indiana,February 10 2020,7:00 PM,BRK,4,27,BRK,J. Harris makes 3-pt jump shot from 28 ft (assist by S. Dinwiddie),104,IND,,103,2,J. Harris - harrijo01,3-pt jump shot,make,28,S. Dinwiddie - dinwisp01,,,,,,,,,,,,,,,,,,,,,,1,FALSE,TRUE
/boxscores/202002100IND.html,regular,Bankers Life Fieldhouse Indianapolis Indiana,February 10 2020,7:00 PM,BRK,4,10,BRK,,104,IND,D. Sabonis makes 2-pt layup at rim,105,2,D. Sabonis - sabondo01,2-pt layup,make,0,,,,,,,,,,,,,,,,,,,,,,,1,FALSE,TRUE
/boxscores/202002100IND.html,regular,Bankers Life Fieldhouse Indianapolis Indiana,February 10 2020,7:00 PM,BRK,4,9,BRK,Brooklyn full timeout,104,IND,,105,2,,,,,,,,,,,,,,BRK,,,,,,,,,,,,,1,FALSE,TRUE
/boxscores/202002100IND.html,regular,Bankers Life Fieldhouse Indianapolis Indiana,February 10 2020,7:00 PM,BRK,4,9,BRK,,104,IND,M. Turner enters the game for D. Sabonis,105,2,,,,,,,,,,,,,,,,,,M. Turner - turnemy01,D. Sabonis - sabondo01,,,,,,,,1,FALSE,TRUE
/boxscores/202002100IND.html,regular,Bankers Life Fieldhouse Indianapolis Indiana,February 10 2020,7:00 PM,BRK,4,5,BRK,S. Dinwiddie makes 2-pt jump shot from 21 ft,106,IND,,105,2,S. Dinwiddie - dinwisp01,2-pt jump shot,make,21,,,,,,,,,,,,,,,,,,,,,,,1,FALSE,TRUE
/boxscores/202002100IND.html,regular,Bankers Life Fieldhouse Indianapolis Indiana,February 10 2020,7:00 PM,BRK,4,3,BRK,,106,IND,Indiana full timeout,105,2,,,,,,,,,,,,,,IND,,,,,,,,,,,,,1,FALSE,TRUE
/boxscores/202002100IND.html,regular,Bankers Life Fieldhouse Indianapolis Indiana,February 10 2020,7:00 PM,BRK,4,3,BRK,,106,IND,D. Sabonis enters the game for M. Turner,105,2,,,,,,,,,,,,,,,,,,D. Sabonis - sabondo01,M. Turner - turnemy01,,,,,,,,1,FALSE,TRUE
/boxscores/202002100IND.html,regular,Bankers Life Fieldhouse Indianapolis Indiana,February 10 2020,7:00 PM,BRK,4,2,BRK,,106,IND,Personal take foul by C. LeVert (drawn by V. Oladipo),105,2,,,,,,,personal take,C. LeVert - leverca01,V. Oladipo - oladivi01,,,,,,,,,,,,,,,,,,1,FALSE,TRUE
/boxscores/202002100IND.html,regular,Bankers Life Fieldhouse Indianapolis Indiana,February 10 2020,7:00 PM,BRK,4,0,BRK,,106,IND,M. Brogdon misses 3-pt jump shot from 26 ft,105,2,M. Brogdon - brogdma01,3-pt jump shot,miss,26,,,,,,,,,,,,,,,,,,,,,,,1,FALSE,TRUE
/boxscores/202002100IND.html,regular,Bankers Life Fieldhouse Indianapolis Indiana,February 10 2020,7:00 PM,BRK,4,0,BRK,,106,IND,Offensive rebound by Team,105,2,,,,,,,,,,Team,offensive,,,,,,,,,,,,,,,,1,FALSE,TRUE
/boxscores/202002100IND.html,regular,Bankers Life Fieldhouse Indianapolis Indiana,February 10 2020,7:00 PM,BRK,4,0,BRK,End of 4th quarter,106,IND,,105,2,,,,,,,,,,,,,,,,,,,,,,,,,,,1,FALSE,TRUE
/boxscores/202002100IND.html,regular,Bankers Life Fieldhouse Indianapolis Indiana,February 10 2020,7:00 PM,BRK,4,0,BRK,End of Game,106,IND,,105,2,,,,,,,,,,,,,,,,,,,,,,,,,,,1,FALSE,TRUE
